AVG_AGE,AVG_WEIGHT,AVG_HEIGHT,BASIC_PREMIUM
25,81,130.333333,393179.63
37,1,1,73226.48
27,70,177,66795.75
15,1,1,105674.12
23,25.666666,59.666666,191058.56
17,47,138.75,173605
33,1,1,136858
21,31.5,85.5,109836.79
30,37.75,75.25,62346.35
24,60,165,45114
82,68,169,204900.71
25,65,175,380243.72
39,1,1,173167.36
59,1,1,158978.69
27,1,1,75829.83
34,1,1,329092.84
15,37,129.5,102838
31,75,150,87703.44
21,80,178,61710
38,80,176,33422.53
29,63,199.5,115838
39,65,165,250179.52
62,59.5,162,228765.85
23,41.666666,100.333333,53118.25
22,33,83,127437.38
28,1,1,370127.05
23,1,1,107166.92
39,50,153,75829.83
37,35.5,105,155089.06
17,47,111.333333,276978.68
76,64,166,293815.33
29,65,165,187941.49
17,1,1,213000
18,49.5,136,126235.5
17,57.25,114,130086.64
47,1,1,151923.3
22,1,1,362084.64
23,47.75,152.5,304113.38
43,1,1,109793.68
27,1,1,55142.54
24,71,170,78473.83
40,1,1,110851
31,68,162,66795.75
31,1,1,166694.49
27,68,165,22407
62,1,1,136284.77
37,1,1,366254.16
26,83,181,101878.92
24,55,115.333333,44266
21,49.833333,126.666666,168761.19
32,1,1,124726.82
20,50.5,141.5,189575.5
26,70,168,73185.83
16,1,1,195390.15
32,55,151.666666,289065.33
21,47.5,130,86913.6
43,88,174,91219.38
19,33,83,241087.18
33,1,1,85882.53
30,49.666666,140,216252
21,33,83,157846.34
61,1,1,265975.42
34,1,1,74593.12
14,1,1,78876
15,22.333333,55.666666,177877.88
24,51,141.25,294325.38
22,17,42,147240.71
34,80,155,85882.53
64,67,134.5,334291.5
20,1,1,90850
36,65,164,65999.01
39,85,168,124726.82
57,1,1,287384.5
30,64,163,55688
26,81,130.333333,248023.87
20,44.5,139,128185.5
29,1,1,52432.37
32,1,1,232165.74
29,1,1,141388.87
10,23.75,74.25,81593.33
14,29.833333,77.666666,138828.67
39,69.375,124,153049.22
44,66,167,120272.68
23,1,1,66795.75
17,1,1,31026.83
26,1,1,75829.83
34,61,183.333333,277086.27
27,1,1,21618.75
78,1,1,190605.31
61,50,100,156989.38
31,1,1,66795.75
15,1,1,183674
39,76,158,90177.53
45,61.5,224,162067.02
54,59,166,138850.65
24,65,175,163543.32
16,1,1,114955
16,1,1,148541.67
31,59,162,154774.36
44,58.75,158,289788.42
24,55,155.333333,166901.2
61,65,165,131258.98
85,1,1,204900.71
32,65,165,50839.84
24,60,165,155559.66
57,74,170,278740
64,65,165,50408.62
33,65,165,74593.12
58,62,144,110426.84
36,70,153,26427.12
21,1,1,178072.31
44,56,162,115032.68
70,50,100,325854.33
61,1,1,135054
25,55,120.25,349687.83
34,1,1,74593.12
22,1,1,73185.83
40,67,165,116137.82
19,50,100,65534.89
80,1,1,163964.51
32,67.5,163,74593.12
33,67,168,149973.05
56,1,1,380782.69
26,83,167,58772.17
68,72,169,175680.55
16,35.5,77,298084.33
23,1,1,75829.83
16,1,1,118438.13
46,80,149,89393
63,65,165,224715
28,36.5,134.5,53388.19
31,60,155,166694.49
31,1,1,48196.63
17,34,105.5,96792.06
18,1,1,121013
21,35.2,103.2,94490.59
34,50,100,52854.24
39,60,165,78246.28
27,1,1,150216.62
65,80,185,228681
37,50.666666,110.666666,292350.17
18,44.5,134.5,113665.59
25,1,1,66795.75
19,1,1,151450.5
25,1,1,134469.4
27,1,1,358845.05
42,64,220,26427.12
27,1,1,52432.37
80,67.5,136,155731.9
17,36.333333,113,261506.07
63,1,1,64745.75
40,1,1,200915.21
84,1,1,276220.2
71,65,165,111708.38
24,37.5,162,66795.75
56,65,165,215879.5
55,1,1,136900.65
38,65,165,61131.4
71,65,165,233146.83
63,72.5,151,167805.69
28,59,168,28008.83
27,33,83,105277.12
81,65,165,282823.8
18,47,138.75,173605
32,56.5,138,75135.83
20,51.5,126.6,282196.59
29,46.5,152,137697.19
25,52.25,156.25,349276.55
42,73.5,155.5,143509.89
40,54,145,22463.05
20,47.5,152.5,115556
21,17.333333,34,100586.3
31,53,152,66795.75
40,58,145.5,335034
56,78,168,56709.69
40,55,6,217829.5
35,68,164,74593.12
49,67,168,162067.02
16,4,36,114114.38
22,44.75,90.5,138489.34
68,80,178,198228.68
62,75,168,135054
21,39.2,108.6,353681.94
40,70,179,55422
25,1,1,258556.2
23,60,164,58772.17
28,49.666666,140,216252
66,64,234,233146.83
16,1,1,129190.26
20,33,84.5,123922.82
75,1,1,274471.2
65,65,165,137137.5
32,58,227.666666,382070.08
28,1,1,239560.4
18,17.8,38.4,134469.4
24,39,137,157846.34
16,1,1,93612
24,51.4,153,413456.64
13,65,165,196968.4
41,1,1,66518
30,76,178,75829.83
21,33,83,95223
21,43.9,131.4,260439.15
27,36.833333,131.333333,217012.37
39,67,160,78887.12
31,46.125,127.25,280547.14
56,1,1,116569.92
60,65,165,304643.54
77,65,165,228726
24,1,1,66795.75
13,59,165,121776.53
22,46.5,128.5,237530.4
73,64.5,122.5,262194.25
22,1,1,138489.34
30,56.5,123,18148.17
16,37.5,95.5,203579.65
72,70,170,247936.19
74,83,138,171544.78
19,33,83,363494.37
37,1,1,74593.12
65,65,165,208950
23,46.333333,111,138693.64
49,71.5,174,120272.68
39,65,175,35372.53
34,47,112,82638.3
28,60,160,18148.17
52,83,177,98574.24
58,1,1,66720.49
29,50,100,22407
19,53.5,122.5,203656.1
62,1,1,50236.8
16,42.4,132.8,262282.75
13,54.333333,137.666666,262456.71
28,61,117,322450.55
33,43,150,90177.53
30,1,1,58772.17
26,50,100,73226.48
45,1,1,98574.24
38,62,158,64214.7
28,55,165,54219.17
31,80,178,18148.17
54,78.5,135,236929
75,50,100,266044.76
23,1,1,293809
20,40.8,118,91543.14
32,61.5,130.5,166694.49
30,1,1,150216.62
73,62,222,293815.33
32,69,166,109854.91
72,71.5,164,229845
73,1,1,154926.87
22,30.875,77,210610.08
66,65,165,317224.69
14,29.5,106.666666,67712.98
30,50,100,78473.83
33,49.25,141.75,344176.12
51,58,154,36481.24
39,65,165,232275.64
59,1,1,158978.69
43,63,170,305350.35
56,1,1,163391.69
65,1,1,143494.77
53,73,168,142027.2
50,1,1,210963.77
16,1,1,118490.89
21,1,1,221216
53,52.5,238,228681
35,65,165,73501.53
17,1,1,220868.08
23,26.6,66.6,362084.64
27,1,1,320118.4
17,39,135.5,118438.13
28,1,1,299167
31,1,1,66795.75
56,61,169,163391.69
24,30,57.333333,126658.14
21,1,1,109138.99
80,50,100,306159.78
34,1,1,124726.82
30,57,174.5,44814.12
52,1,1,143494.77
59,65,165,47097
29,43,150,58058.25
20,50.75,165,238122.08
17,22.333333,55.666666,64034.73
13,33.666666,100,36127.53
23,1,1,148167.34
69,70.25,167,249529.44
32,1,1,26427.12
57,55.5,161,214744
74,65,175,114363
61,70,170,167805.69
83,1,1,133236.8
57,60,160,102674.55
28,56,165,308037.02
29,65,165,66795.75
59,56,165,326783.38
42,1,1,109793.68
32,70,154,68257.7
29,31.666666,131,239880.32
61,70,175,64960.77
75,76.5,172,360772.5
28,1,1,21618.75
24,55.5,156,312719.03
25,19.333333,55.666666,163176
26,1,1,318288.27
17,1,1,158452.88
43,65,162,146196.94
55,1,1,213814.25
19,36,117.5,53641.05
67,70,167,205046.78
21,1,1,140586.2
64,76,196,219854
52,60,160,53559.15
25,1,1,179908.25
62,71.5,164,147204.49
38,54,188,64214.7
28,75,156,62242.75
22,37.75,75.25,210610.08
24,65,165,101771.08
32,69,163,72301.7
47,65,165,36481.24
31,58,201,61710
22,65,162,63325.17
54,65,165,228681
15,50,100,83255.52
28,47.5,146,38362.81
72,70.25,161,395506.02
63,1,1,390748.02
15,1,1,227196.96
51,50,100,109793.68
48,1,1,166694.49
29,1,1,58772.17
13,20.333333,71.666666,166627.56
66,66,164,111708.38
39,65,165,64214.7
43,65,165,158519.96
37,68,175,99533.25
27,1,1,353681.94
78,74.5,185,293815.33
68,1,1,203775
35,1,1,90177.53
26,1,1,230515.6
39,77.5,168,125643.83
41,1,1,141447.21
68,69.5,170,218976
86,1,1,204900.71
23,65,165,160644.4
20,44.5,93.5,115000.01
31,64,213,100408.9
31,62,157,78473.83
36,63,165,81588.53
24,100,182,73185.83
24,1,1,338864.49
42,65,165,95116.24
73,60,232,283614.63
77,76,165,190605.31
26,63.5,170.5,72388.78
71,1,1,198862.12
68,50,100,230978.94
27,33,83,125387.05
34,1,1,81588.53
30,95,205,51206.6
75,1,1,293815.33
25,55,155.5,156025.4
25,1,1,118509.05
73,65,165,154926.87
18,22.333333,52.666666,160717.04
27,41.833333,141.666666,121223.29
16,65,165,273321.28
51,60,169,109053.24
27,60,100,54219.17
28,1,1,115973.11
24,57,168,21618.75
64,71,122,167805.69
29,1,1,107166.92
15,1,1,280352.54
27,1,1,49505
57,80,180,122494.8
62,51,134,143494.77
46,69,155,110732.54
31,64,164,62242.75
29,59,162,122167
61,1,1,152321.77
26,47.5,150,223166.18
21,1,1,193583.5
30,65,166,78473.83
40,75,177.333333,64201.55
37,61,155,124726.82
14,1,1,110225
22,1,1,107166.92
28,65,165,22407
21,1,1,362084.64
36,65,167,116137.82
36,65,165,72301.7
20,42.25,110.5,121013
18,43.25,108,183272.07
80,75,175,288714.41
26,65,165,21618.75
26,39.5,84,149366.62
51,1,1,38160.54
27,79,179,18375.94
36,66.833333,125.666666,217908.05
59,60,170,156989.38
74,60,160,162014.51
29,1,1,395270.84
61,68,145,135054
18,47,135.166666,368180.18
31,65,164.75,135574.85
15,41,153,130835
31,1,1,224390
26,50.6,63,324970.27
83,65,165,186013.1
27,1,1,39252.01
48,1,1,89453.93
43,1,1,111167.36
25,1,1,126235.5
26,63.333333,143,194047.56
36,54,188,64214.7
29,61,158,73185.83
31,65,165,107166.92
47,61,168,97658.41
20,27,120,341945.36
30,54,165,51297
18,22.333333,55.666666,355045.38
30,49.25,141.75,238728.8
13,28,90.666666,191401.56
22,51.333333,131.333333,174892.23
32,59,151,116137.82
33,1,1,66506.12
59,70,174,145444.77
24,40.25,121.25,276978.68
37,75,156,124726.82
39,72,172,68257.7
79,66.5,164.5,333559.29
19,33.75,95.25,212186.39
14,37,100.333333,52353.97
20,65,165,104244
35,52.5,160,68645.3
18,3.5,26.666666,68795.88
46,69.5,167,95708.41
49,1,1,75151.16
34,74,165,81588.53
54,1,1,125591.5
45,50,100,109793.68
30,33,83,113632.32
37,75,165,74593.12
61,1,1,136140.19
29,75,180,45023.6
17,37,56.5,110291.27
71,50,100,377130
33,63.666666,114.333333,111366
12,22.333333,55.666666,276899
33,86,157,90177.53
55,1,1,158978.69
73,72,159,190605.31
42,65,165,87335.75
47,65,165,109793.68
20,40,139,303470
25,84.5,165,114135
17,1,1,217583.54
59,1,1,228681
55,1,1,326762
71,1,1,253704.38
41,68,167,124726.82
29,1,1,136949.99
29,50,100,61023
74,65,165,283614.63
23,1,1,357071.26
32,84,170,74593.12
34,71,168,90177.53
10,24.7,137.4,60532.5
18,1,1,60227.57
25,54,165,49505
23,1,1,150117.34
21,36,125,33616.99
29,61.75,182.5,255522.35
24,60,160,107166.92
28,61,171,107166.92
33,75,195,124726.82
56,63.5,239,214744
40,66.5,164,35372.53
38,58,97,78661.5
33,1,1,26427.12
30,1,1,63325.17
69,80,178,198228.68
27,1,1,66795.75
34,28.5,85,132632.76
16,65,175,183674
66,65,167,228681
22,40.25,78,219188.05
44,77,167,120272.68
23,1,1,45114
72,1,1,233146.83
31,85,178,51297
30,1,1,232165.74
28,65,164,66795.75
41,56,158,67906.41
32,65,165,72301.7
27,60.666666,192.166666,187895.71
39,71.5,250,92127.53
27,42,130,183167.18
31,72,138,75135.83
19,1,1,191739.31
76,1,1,268596
24,49,119.333333,211675.17
19,51.75,121,188478.91
29,50,100,29958.83
20,49,118.5,118847.4
36,59.333333,163.333333,207028.99
54,1,1,102196
34,1,1,99144.87
29,94,179,66795.75
30,65,165,45114
73,1,1,294361.05
23,1,1,107257
23,56,172.666666,162200.25
25,1,1,237443.04
16,39,135.5,118438.13
30,75,180,57689.75
33,57.5,157.5,42389
22,43,138,107997
70,77,150,233146.83
19,43,117.75,187164.4
21,42.25,136.75,311024.37
60,1,1,136900.65
65,68,164,246279.52
36,1,1,90177.53
45,65,165,109793.68
29,1,1,52432.37
17,41,127.8,65534.89
23,1,1,157846.34
29,78,175,45114
21,58.5,147.5,113665.59
18,65,165,273321.28
57,1,1,155096
23,1,1,196557.98
14,26,116,121776.53
23,1,1,298348
32,43.125,188.25,264719.63
39,58,145.5,335034
32,50,100,63918.02
31,75,180,57689.75
54,60,160,99492.01
20,1,1,43214.24
71,66,146,190961.45
31,52,156,54219.17
30,1,1,266848.51
70,1,1,229845
18,61,128.75,276978.68
70,65,165,137137.5
13,25,94,112234.53
37,60,168,81588.53
61,1,1,287384.5
33,65,165,55422
16,32.5,79.5,122699.64
23,53,167,75829.83
38,1,1,76543.12
22,40.428571,116,426501.56
25,68,179,50086.25
28,65,182,54219.17
20,52.4,153.2,103522.48
30,60,175,84828
77,67,157.5,142207
33,50,100,119951.72
26,1,1,54219.17
55,72.5,165,317957.38
40,65,171,22023
25,58,167,55688
70,45,165,325854.33
17,29.666666,114.333333,148541.67
28,97,219,61710
61,90.5,120,143494.77
27,1,1,15425.94
27,1,1,57689.75
28,95,162,58772.17
27,47.75,117,80210.25
26,1,1,42389
19,37,113.5,197422.4
62,1,1,78002
29,1,1,246644.54
66,65,165,223657.8
26,1,1,59585.19
52,65,165,228681
35,1,1,74593.12
15,56.666666,120,141167.2
30,66,182,64079.83
21,1,1,44814.12
40,60,175,64214.7
37,1,1,220077.87
16,45.833333,99.666666,149360.48
22,54.5,189,34590
63,65,165,397946.77
34,1,1,85882.53
68,1,1,137137.5
72,55.5,153,293815.33
64,65,165,219854
64,71,168,158978.69
22,80,168,66795.75
41,1,1,74593.12
14,34.5,78.5,131867.3
30,54,165,73185.83
34,65,144,66585.05
31,1,1,66518
22,38.2,130.4,102728.27
29,64,164.5,131222.54
47,62,171,53388.19
23,65,165,304749.04
29,60,96,54219.17
48,68,168,87335.75
34,1,1,26427.12
13,65,165,96874
45,60.5,249,40545.58
38,49.5,74.333333,110248
19,40.8,132.2,387474.4
71,55.5,153,233146.83
29,56.5,166.5,123500.2
64,65,165,207782.72
24,33,77.5,306598.28
32,62,168,19456.88
17,47.666666,104,229801.98
50,1,1,47700.68
16,39,128.75,203387.5
28,63,199.5,115838
65,1,1,163391.69
30,45.5,79,166694.49
42,1,1,74593.12
22,43.666666,110.333333,236320.17
54,1,1,167805.69
38,1,1,26014.2
19,40.25,132,101501.26
34,65.25,165,325380.39
39,64,159,26427.12
43,75,165,233057
19,1,1,255610.3
21,65,165,209952.88
20,65,165,95784
28,77,174,54219.17
57,90,170,78494.69
41,1,1,90177.53
57,75.5,168,135054
27,60.25,104.5,47892
51,65,165,109053.24
53,1,1,228681
16,32,81.5,130086.64
33,60,171,85882.53
42,1,1,143467.19
35,50,165,74251.7
56,1,1,167805.69
52,66,168,268993.5
19,26.666666,56.333333,225545.3
14,28.75,127.5,244280.5
52,65,165,92346.87
14,44.666666,127.333333,152488.25
27,41.5,77.5,136972.79
61,83,154,169259.04
60,1,1,143494.77
23,50,100,95223
66,50,100,232164.52
15,43,120,185151.32
52,1,1,83615.41
46,71,177,120272.68
18,38,107.5,102989
19,1,1,306936.59
62,50,100,201918.44
27,75,156,62242.75
19,33,83,246388.49
44,63,177,283054.41
42,72,172,81588.53
21,62.5,132.5,232703.26
16,1,1,74576.75
45,70,171,90300.41
38,1,1,81588.53
29,54,160,54219.17
73,1,1,173035.44
22,1,1,52432.37
38,1,1,414930.88
29,73,154,57689.75
71,59,170,325854.33
24,1,1,318288.27
42,60,160,62908.36
69,1,1,316365.3
46,1,1,109793.68
58,65,165,88410.9
16,1,1,178722.83
30,65,165,174611.61
63,1,1,160928.69
17,36,129.333333,277900.64
28,8.5,50.5,166694.49
22,1,1,161000.02
19,51.5,126.6,282196.59
20,41.5,115,138489.34
63,1,1,173035.44
16,31,67.5,57428.4
21,49.5,135.25,57428.4
41,1,1,66518
26,51,141.25,291686.06
17,1,1,103031.8
20,33.666666,67,158707.2
42,50,153,85882.53
15,43.333333,116,59703.48
59,84,189,167805.69
36,43,160,74593.12
59,65,165,160928.69
37,1,1,68257.7
67,88,162,202773
27,1,1,45114
29,68,169,55688
33,1,1,73501.53
87,69.5,155,285512.61
33,75,168,74593.12
36,1,1,223364.91
19,34,83,119730.68
38,60,165,81588.53
31,65,165,56701.92
40,1,1,116137.82
75,36.25,74,346070.88
28,42,150,107166.92
38,1,1,124726.82
20,68.875,144,201025
40,1,1,64214.7
29,3.8,1,424223.16
30,1,1,354634.98
59,1,1,204392
19,31.8,134.8,233822.32
28,70,185,78473.83
15,25.666666,52.333333,148541.67
42,1,1,124726.82
17,29.5,77.75,223689.08
24,46.5,128.5,241087.18
23,1,1,102914.28
14,29.666666,114.333333,143139.91
63,65,165,154271.77
29,1,1,348016.81
38,65,165,191295.02
71,57.5,161,220774.05
37,71.5,250,92127.53
24,29,60,171044.5
38,1,1,124726.82
27,1,1,194047.56
44,70,171,90300.41
67,65,165,211285.02
79,89,160,293815.33
32,1,1,93507.62
20,42.5,83,100768.59
32,66,166,58772.17
21,47.571428,123,169557.49
75,85,165,266044.76
55,1,1,167805.69
31,63.5,161,55688
32,1,1,207089.82
64,70,168,158978.69
41,65,165,124726.82
55,65,165,129202
23,54.5,102.8,207216.69
48,1,1,160411.8
56,60,160,139370
64,1,1,143494.77
27,42.166666,139.5,143990.47
33,65,172,63805.2
62,54,165,158978.69
25,1,1,138489.34
65,1,1,167805.69
44,65,165,109793.68
17,1,1,121013
32,67,153,57689.75
60,1,1,152321.77
33,65,165,121003.7
64,1,1,219854
43,70,172,79022.85
36,1,1,25066.9
54,71,163,335611.38
26,64,165,66795.75
42,84,192,28688.02
56,65,165,158978.69
34,84,149,64214.7
65,86.5,180,139370
14,38.666666,133,133942
22,1,1,87977.38
73,65,165,284285.06
55,65,165,143494.77
26,49.833333,148.333333,158065.25
21,65,165,238844
82,65,165,409801.42
35,65.333333,162.666666,245008.39
24,1,1,118509.05
27,68,1,58772.17
24,54,164,52432.37
30,60,127.333333,313948.33
21,36.333333,122.666666,187553.01
56,68,145,143494.77
60,65,165,160928.69
60,1,1,135054
18,45.6,119.2,94490.59
40,43.666666,110.333333,338631.92
27,60,96,54219.17
62,65,165,319156
65,1,1,56416.65
82,70,165,245723.4
56,77,213,124444.8
67,1,1,229845
33,60,167.5,143950.3
20,85,164,107166.92
23,1,1,126235.5
14,38.3,44.4,303032.71
61,66,172,63010.77
26,62.5,167.333333,65051.6
56,61.5,167,62796
62,94.5,171,296210.5
21,60,165,75829.83
25,1,1,129604.4
24,1,1,338575.47
30,60.25,139,95865
33,65,165,81588.53
22,38.5,101.5,121013
70,1,1,316365.3
30,42.75,113,126814.35
18,1,1,232110.65
21,1,1,223139.22
29,45.5,135.5,175599.18
28,1,1,73185.83
28,60,165,107166.92
54,66,168,287384.5
61,78,157,143494.77
13,35.5,91.5,77308.54
19,1,1,192192.19
38,63.8,164.4,403947.57
32,58.25,66.5,387806.05
16,1,1,130086.64
25,1,1,58772.17
29,37,109.333333,55250.28
15,35.666666,123,108107.1
61,68,174,228681
55,73,168,136284.77
40,68,165,81588.53
25,37.5,154.5,93318.89
22,17.333333,34,123062.69
35,54,154,19308.56
43,89,167,86481.24
24,47.5,130,98484.99
49,70,170,95315.65
54,70,170,111496
26,65,165,203357.51
21,1,1,275222.14
21,33,84.5,138489.34
21,75,165,106787.59
29,33,83,133591.5
18,1,1,34590
29,65,165,197966.57
21,52,155,58772.17
56,72,169,163391.69
64,1,1,125591.5
63,1,1,187212.1
25,36.5,128.5,247466.03
20,49,133.5,221095.5
70,1,1,279085.45
31,71,171,75829.83
28,54,154,62242.75
32,65,175,115141.63
36,1,1,81588.53
41,1,1,74593.12
26,70,169,73185.83
19,59,144.6,65534.89
23,67.333333,158,149394
28,87,143,51297
23,1,1,224690.14
25,65,165,136515.62
19,1,1,190721.98
26,55,140.25,334578.65
35,65,144,70549.12
22,37.5,120,131110.55
21,24.625,62.75,81508.28
48,61,155,78602.22
37,66,175,61764
25,65,165,63325.17
32,72.5,164,103410
22,28,82.25,213675.54
36,88,184,78887.12
44,1,1,109793.68
61,61,168,131000
61,1,1,136900.65
22,1,1,350417.72
24,1,1,105749.37
25,47.5,150,194255
21,41,147.75,63847.5
28,54,97,179660.09
45,60,160,95708.41
75,70,168,173035.44
35,65,168,86835.28
63,65,165,58659.69
30,56.5,136,256595.38
21,39.75,124.5,238122.08
86,65,154,167411.79
29,70,189,22407.06
27,60.5,145.75,85607
83,1,1,304885.71
54,68,168,152321.77
30,1,1,58772.17
19,44.2,110.2,237791.93
16,1,1,262837.64
40,65,165,73501.53
58,50,100,158978.69
51,69.5,249,73259.8
53,66,168,268993.5
26,54.75,110.25,180502.25
35,75,155,83538.53
43,58.75,158,282142.92
38,65,165,55025.43
16,1,1,191933.37
28,50,162,28008.83
43,69.5,167,74032.75
35,80,155,85882.53
32,1,1,28409.15
19,45.4,136.2,107398.3
30,49.5,121.25,252376.6
16,34,108.5,31026.83
26,33,83,112479.5
76,76,161,293815.33
74,65,165,266044.76
60,70,174,145444.77
34,66,168,72301.7
15,38.375,134.5,220414.08
29,50,100,329092.84
29,65,165,185820.62
25,54,151.6,297238.31
49,88.5,81,98574.24
61,65,165,139370
27,2.4,14.4,100495.2
34,64,161,53219.7
63,82.5,173,200807
37,77,169.5,138721
25,1,1,62242.75
28,65,165,66795.75
35,1,1,390465.49
65,71,168,158978.69
44,80,172,90300.41
18,44.666666,129.333333,36127.53
27,85,180,66795.75
19,50,100,69785.32
70,1,1,274275
36,44,161.5,99709.75
23,37.5,162,66795.75
79,68,156,257392.99
17,1,1,225515.15
24,51.5,144,120702
36,75,165,66506.12
41,68,168,72301.7
18,1,1,151555.05
26,39.5,84,149366.62
17,47.25,125,261307.08
60,75,165,235767.93
35,1,1,85882.53
67,63.5,151,325854.33
37,69.5,165,84195.15
78,83.5,185.5,333559.29
17,3.2,17.4,317289.49
44,65,165,200672.09
16,33.75,115.25,211687.4
76,76,165,190605.31
48,65,165,47700.68
15,34.25,78.5,51885
22,64,165,75829.83
72,80,165,283614.63
28,66,168,73185.83
24,39.333333,132.333333,61473.29
31,1,1,273079.38
15,80,180,180704
23,53.75,126,207339.5
60,65,165,38274.69
70,65,165,325854.33
14,81.5,108,130086.64
32,48.5,125,98731
72,68.5,167,146265
29,55,159,14518.54
65,1,1,143494.77
39,44,143,302811
21,25,54.2,68562.38
36,1,1,366254.16
27,54,97,179660.09
73,65,165,323734.51
14,33.333333,120,162200.25
26,1,1,80874.08
35,55.666666,127,97264.08
27,65,165,55688
24,1,1,93929.81
13,30.333333,67,128886.5
57,65,165,158978.69
68,1,1,137137.5
64,1,1,139370
60,80,175.5,233946
16,1,1,203387.5
39,51,132.5,84629.52
80,75,171,114363
23,41.5,115,138489.34
18,39.25,103.75,367000
45,65,165,87335.75
44,1,1,98574.24
52,1,1,143494.77
52,69,162,167805.69
34,58,153,26427.12
39,49.5,130.5,179726.5
21,60,165,155559.66
26,1,1,120449.12
59,1,1,336532
25,57.333333,135.333333,111466.02
21,51.666666,117.666666,159637.91
31,56.5,155,306152.28
19,39.25,133.5,238122.08
21,1,1,111969.4
36,1,1,70549.12
86,1,1,304378.83
32,1,1,64079.83
25,42.4,134.8,126296.8
22,1,1,188460.47
15,34.5,78.5,146142.64
18,54.333333,146,129663.62
40,58,162,24135.7
70,1,1,109710
20,51.75,121,188478.91
29,60,167,190984.01
29,1,1,110497
29,1,1,66795.75
22,26.333333,58.666666,215703.56
46,62,100,91277.99
48,1,1,207016
24,65,165,85498.36
22,59,95.8,336102.4
48,78,167,111743.68
22,65,165,140337.02
14,49,131.5,293183.96
23,65,165,221996.01
19,37.333333,140.5,74180.53
32,1,1,204905.74
37,1,1,74593.12
59,60,160,163391.69
37,50,100,172929.92
35,63.5,141,124726.82
15,31,67.5,57428.4
32,1,1,195064.58
19,37.75,75.25,209242.21
32,60,167.5,115196.25
26,50,120.666666,139921.78
18,38.875,116.25,224366.08
69,74,155.5,384836.84
34,33,27.5,20036.76
70,70,174,228401.78
17,54.3,116.8,218939
62,85,166,386711.06
25,1,1,121013
55,68,163,161496
38,1,1,264299.85
29,1,1,72872.06
22,52.2,144,238844
22,64,162,51297
31,1,1,278119.02
28,1,1,107166.92
36,85,152,66000.01
34,89,178,68257.7
40,60,157.333333,411701.16
17,1,1,67257.56
84,65,165,279022.42
27,63.833333,157,136768.75
29,1,1,78473.83
40,1,1,210290.52
25,51.5,144,157846.34
27,99,159,66795.75
75,1,1,352619.82
72,66,146,207717.71
28,72,171,66795.75
23,1,1,275222.14
32,64,168,73185.83
79,57,158,293815.33
17,38.166666,94.333333,177612.46
67,1,1,211285.02
26,65,5,49505
39,1,1,262927.4
29,1,1,128177.19
19,37.8,134.6,305678.42
33,34.5,88,175098.54
52,68,171,136900.65
19,1,1,107257
24,47,105.666666,179908.25
14,31.25,123.25,80874.08
53,1,1,143494.77
38,65,165,81588.53
79,67.5,136,114363
27,1,1,67257.56
19,40,117,40223.4
17,35.5,97,67221.18
81,1,1,276245.46
24,61.5,168,114458
52,1,1,120272.68
45,1,1,182430.34
84,78,145,106738.8
17,1,1,198045
29,77,176,124969.4
19,1,1,126235.5
73,65,165,283614.63
20,1,1,238122.08
59,65,147,154056.75
35,65,165,269536.18
25,43.75,144.75,259152.38
35,1,1,83538.53
30,49,152,159211.64
17,43,81.5,121013
29,68,156,55397.3
34,1,1,33422.53
26,42.5,126.5,115141.63
66,67,170,241706
23,1,1,37001.14
35,80,158.5,53641.05
28,42,128.5,177317.49
27,1,1,179908.25
33,60,160,56417.98
41,65,165,80305.77
15,37,120.5,120449.12
20,33.8,111.6,106088
28,65,145,90850
40,62,154,105813.9
46,60,160,47700.68
48,50,100,153117.52
40,1,1,74593.12
31,1,1,143950.3
18,2,25.5,188478.91
67,1,1,239990.62
33,56.25,161.5,46036.38
50,73.5,229,30401
24,50,1,184497.07
39,67,115,210290.52
30,60,165,66795.75
28,51,149,67257.56
59,82,182,52509
33,1,1,85882.53
45,1,1,75151.16
38,1,1,192813
21,34.4,123.2,211250
60,64,154,56516.4
12,1,1,96483.78
24,26.6,66.6,270293.17
35,65,165,67308.4
26,1,1,246644.54
36,74,159,33422.53
34,75,195,124726.82
36,65,165,114135
44,69,153,109053.24
13,1,1,134346.25
56,50,100,339511.38
41,58,174,85882.53
16,1,1,128886.5
34,57,142,215879.5
66,1,1,187775.49
24,65,165,224663.6
27,1,1,75829.83
21,33.5,89,139605.75
22,33,77.666666,153797.18
23,1,1,150110.67
68,74,174,247411.8
27,1,1,104213.8
15,30.5,75.5,51650.76
72,70,174,228401.78
21,1,1,190721.98
23,1,1,48233.89
60,54,154,228681
31,65,165,55688
23,33,83,124733.34
42,61.5,239,162067.02
32,65.25,115.5,218561.2
56,1,1,156989.38
39,65,165,416316.2
25,1,1,316824.49
36,1,1,64214.7
30,43.25,126.5,138470
11,1,1,102978.8
18,75,165,53777
19,53.6,141,83259.34
60,74.5,171,411834
33,1,1,116137.82
66,1,1,211285.02
58,65.25,151,321857.38
37,70,158,68257.7
27,1,1,75829.83
78,68.75,166.5,346070.88
68,65,165,233146.83
22,43,127.5,132265.05
44,60,160,38161
61,1,1,139370
53,65,165,143494.77
19,1,1,114135
38,70,166,74593.12
61,70,159,327342.63
29,1,1,73185.83
29,60,152,116956.12
29,68,146,46143.95
38,65,165,74593.12
12,1,1,195390.15
25,32.666666,83.666666,248074.43
30,69,172,41705
33,34,83,48773
74,1,1,283614.63
12,1,1,250399.64
21,44.5,129.833333,349570.17
12,33,103,263457.47
18,39,128.75,203387.5
13,1,1,250399.64
32,1,1,74593.12
43,70,168,36481.24
29,1,1,75829.83
29,1,1,62242.75
45,65,165,200672.09
21,1,1,324661.48
54,65,175,117850
59,69.5,169,326783.38
34,64,167,126894.4
20,1,1,223595.3
68,1,1,316365.3
30,83.5,156,82490.6
32,1,1,53641.05
24,65,165,165911
77,72,170,293815.33
33,1,1,66845.06
20,50,100,57428.4
24,28,53.666666,306451.43
19,49,120,97539.14
30,46,145.2,74778.4
23,38,88.5,190284.09
13,43.666666,110.333333,154234.9
59,59.5,160,133440.97
21,1,1,302258.48
74,56,165,293815.33
17,34.5,78.5,128185.5
26,1,1,318905.86
11,28,110.5,91886.83
37,67,167,57663.04
36,66.5,204.5,300306.4
18,56,152.75,64700
21,80,165,66795.75
29,76,182,66795.75
85,64.5,169,148810.48
14,1,1,216051.89
61,1,1,143494.77
21,42.5,111,135708.3
18,41,135.75,63847.5
35,63,196,124726.82
19,53.333333,121.833333,77641.86
59,1,1,143494.77
28,1,1,70384.95
22,1,1,395405.47
26,65,170,58772.17
61,1,1,160928.69
75,64,166,328569
37,65,165,81588.53
10,1,1,36127.53
35,93.5,183,90177.53
38,55,160,68257.7
81,1,1,190605.31
18,48.2,136.6,265606.59
24,52,166,106894.6
20,68,172,74576.75
21,58.5,159,95450
15,27.666666,84,195390.15
40,72,172,81588.53
40,1,1,21618.75
54,100,109,151129.22
65,1,1,177723.5
22,50,100,82474.1
51,50,100,120272.68
26,64.333333,126.666666,293429.64
29,60,127.333333,266415.32
63,80,180,143494.77
24,62,206,49171.67
48,50,100,109793.68
24,48.666666,97.333333,117479.17
15,1,1,130086.64
35,68,172,26738
34,48.75,150,351713
19,1,1,83612.19
23,1,1,258556.2
17,1,1,111051.13
22,65,165,300002
68,60,221,128639.55
80,65,165,142953.98
39,61.5,239,107711
18,39.6,133.8,62148
81,1,1,190605.31
22,60.25,59.5,78504.01
76,36.25,74,346070.88
52,73,184,98574.24
66,65,165,158978.69
18,51.5,126.6,312271.65
23,1,1,264003.44
18,37,102.5,105091.4
72,54,154,116566.88
23,44.75,1,80874.08
42,65,165,91151.85
24,20.666666,92.333333,85728.29
36,65,175,195137.15
25,61.333333,160,320756.04
41,1,1,301256
40,70,155,74593.12
34,65,165,57359.4
28,79,174,75829.83
69,65,165,228401.78
17,38,114.2,421184.12
30,52.5,160,187941.49
71,60,108,111708.38
35,68,171,75451.53
69,1,1,195368.25
64,83,165,56416.65
70,65,168,137137.5
24,44.5,138,115612.4
38,76,169,182507.88
65,1,1,143494.77
31,1,1,54219.17
49,1,1,109793.68
24,48,142.5,132538.5
13,28,89.666666,195390.15
30,72,176,66795.75
70,75,154,197287.5
55,62.5,164,50408.62
41,78,155,26427.12
12,31.333333,98.666666,64559
39,73.125,136.25,342877.5
63,60,160,63010.77
22,1,1,161006.76
64,82,157,163391.69
19,56.928571,135,120632.9
21,47.75,134,376206
61,1,1,278740
61,1,1,136900.65
28,1,1,75829.83
57,69.5,110,151129.22
29,52.5,158,181935.07
26,1,1,194047.56
32,69.5,148,28409.15
66,83,170,321109.28
54,68,145,143494.77
28,65,165,156251.55
41,1,1,72301.7
22,36.4,67.2,97288.5
14,29,81,111630.14
51,64,166,40545.58
19,38,89.5,126235.5
26,42.166666,139.5,147816.71
24,44,143,168507
60,62.25,148.5,137365.71
27,1,1,136515.62
24,55,137.333333,37001.14
17,1,1,62148
63,65,160,224715
31,69,168,24357
20,47,121.333333,133164.84
26,51,128.5,56801.96
22,1,1,267174.27
12,1,1,333467
37,1,1,74593.12
33,1,1,57663.04
30,84,149,41510.8
22,45.5,135.75,210610.08
47,60,160,74032.75
32,1,1,235677.86
22,35.5,81.5,114998.17
18,1,1,63847.5
17,33,83,120543.59
13,33.083333,163.5,108107.1
65,71,177,276719.66
15,1,1,67221.18
69,80,165,352673.89
22,47.666666,130.333333,168986.25
17,33,83,138489.34
65,69,150,197287.5
30,55.25,148,152218.84
18,1,1,80874.08
29,70,180,66795.75
30,44.5,86,58361.9
64,60,160,87768
32,75,195,107166.92
25,1,1,179908.25
31,79,248,59639.75
25,61.5,168,145744.12
28,66,182,64079.83
69,65,165,223657.8
13,1,1,252290.96
69,1,1,137137.5
48,1,1,120272.68
27,76,168,68632.83
49,65,168,155848.04
50,76,177,95708.41
51,1,1,96876
26,1,1,20098.17
27,1,1,29958.83
32,62,150,29061.81
51,1,1,85527.33
23,55,122,63847.5
29,64,168.5,117544.34
21,1,1,173124.95
60,50,100,228681
38,1,1,90177.53
27,50,100,114224.8
29,1,1,115141.63
23,10.5,50.5,119474.91
29,53.125,152,167532.37
21,53.4,153.8,341761.81
45,70,162,81633
28,1,1,79284.37
15,1,1,217027.37
52,70,151,335611.38
29,59,165,74272.51
40,68.5,131,81588.53
50,69.5,169.5,171866.11
29,1,1,71628.51
32,65,165,81588.53
28,54.875,112.5,132785
75,57,247,270579.38
18,39,113.5,203155
13,26.666666,49,186987.45
32,75,165,215850.83
77,65,165,293815.33
17,33.8,112.6,301372.27
21,34.75,61.5,57428.4
85,65,165,204900.71
29,57.2,158.8,376659.4
62,65,156,140344.23
24,51.3,90,141656.52
37,65,165,74593.12
26,50.6,150.4,374600.55
47,1,1,162067.02
21,65,174,54219.17
71,1,1,233146.83
26,43.666666,111,94341.33
41,1,1,33422.53
34,43,86.5,233541.86
23,46.6,144.8,336102.4
15,13.8,33.8,94489.93
61,1,1,303143.31
27,1,1,101878.92
16,1,1,225515.15
41,65,165,85132.12
23,80,178,78473.83
47,80,149,93102.05
18,65,165,168785.48
30,1,1,118881.12
33,65,165,66479
34,75,171,72301.7
22,1,1,63847.5
16,30,108.666666,108069.79
42,70,170,81998.34
28,85,162,51297
48,71,177,120272.68
33,1,1,85882.53
27,62,161,217012.37
62,1,1,158978.69
42,63,177,47700.68
15,1,1,174007.51
21,50,136,34424.87
67,65,165,223657.8
28,42,95.5,125791.4
23,50,100,328094.5
17,26.6,66.6,94490.59
53,77.5,158.5,174467.55
29,62.333333,152.666666,192527.6
49,69,155,120272.68
23,2.4,14.4,100725.3
13,6.333333,1,142775.25
19,80,180,266951.92
29,53,136.25,103503.74
26,69,165,66795.75
26,65,165,293583.7
48,62,162,90300.41
35,61.5,131,66479
18,28.5,83,42803.13
79,56,165,283614.63
30,55.75,152,326920.63
50,64.5,167,91193.8
40,65,165,206881.53
17,35.5,84,141943.05
23,42.5,143.5,138489.34
20,59,95.8,336102.4
57,68.5,158,119355
31,1,1,419009.05
23,1,1,113665.59
65,1,1,197287.5
41,63.5,168,163826.04
65,1,1,139370
29,1,1,161712.36
14,19.75,40.25,63847.5
60,71.5,124,228681
46,69,166,109793.68
37,46,140,69692.54
65,65,165,316365.3
27,50.25,129,291800.6
28,49.2,131.4,333007.27
30,1,1,248283.02
39,1,1,102123
20,22,80.5,112046.58
70,65,165,325854.33
15,30.75,109.416666,271589.15
24,60,165,103168.83
15,44.666666,127.333333,152488.25
23,13.8,33.8,299426.92
22,1,1,63847.5
68,61,151,233146.83
22,54,164,52432.37
62,69,175,136900.65
19,38.666666,115,42678.61
15,32.75,110,118888.05
17,1,1,287580.18
17,46.666666,125,149360.48
32,65,165,81588.53
24,65,175,95223
17,41,126.5,128477.12
23,18.666666,55.666666,234049.87
32,83,166,49505
32,70,166,249453.64
16,43,121.75,252290.96
39,1,1,56617.52
39,60,100,115893
15,37.5,122.25,88958.79
83,65,165,297910.03
23,41.5,144,42389
26,48.5,105.5,120543.59
37,65,165,200245.15
56,1,1,66720.49
37,65,165,90177.53
67,67,134.5,402902.52
66,1,1,229845
25,52,150,49171.67
72,76,161,191802
44,50,100,47700.68
37,99,157,81588.53
36,46,129,185105.2
33,68,168,85882.53
31,1,1,19966
16,38,117.666666,148541.67
26,51.5,154.5,276940
32,65,165,77544.53
17,31.25,92.25,80874.08
23,35,104,345966.14
47,69,164,42930.61
26,69,169,28008.83
65,75,177,143494.77
17,1,1,203979.15
23,44,128,262950.8
28,65,165,141579.7
39,68,164,64214.7
45,75,175,229019.72
57,68,181,143494.77
19,31.5,85.5,94580.63
29,70,168,73185.83
36,74.5,167,39517.63
31,57,170,58772.17
50,87,170,109793.68
30,1,1,58772.17
17,35.375,91.5,60467.05
26,53,199,58772.17
23,68,168,106894.6
20,35,155,66795.75
21,55,165,55688
67,71,168,78494.69
17,35.5,91.25,191088.47
13,27.333333,52.666666,177877.88
58,1,1,167805.69
34,51.5,131,128217.74
35,75,170,26427.12
28,1,1,37001.14
16,35.5,83,45796.2
29,61,174,13611.13
31,65,165,73185.83
37,50,100,114375.31
20,1,1,193583.5
29,65,165,29958.83
37,60,161,51188
21,1,1,151622.05
22,1,1,328094.5
20,60,174,55688
30,33,83,150216.62
70,80,178,198228.68
29,49,162,73185.83
45,1,1,227809.75
36,1,1,74593.12
52,56,167,95708.41
41,65,165,90177.53
28,1,1,50415.89
33,1,1,81588.53
74,1,1,232390.3
30,1,1,132409.15
28,71,171,57638
80,65,165,304968
78,62,170,171544.78
60,65,165,63010.77
24,78,179,75829.83
28,67,162,52432.37
27,56.5,144.5,121013
23,40,129.25,252471
24,1,1,99165.84
34,1,1,90177.53
26,50.166666,132.666666,315998.67
34,1,1,81588.53
73,1,1,190605.31
25,57,145,66795.75
30,1,1,221847.63
22,22.333333,55.666666,383463.98
34,45,165,72301.7
20,1,1,68321.88
51,60,160,38160.54
57,70,156,63010.77
73,60,150,152484.25
64,69,162,246279.52
62,74,174,167805.69
42,75,169,28688
45,48.333333,146,94833.79
57,1,1,286989.54
37,56,165,69307.7
21,1,1,333879.49
25,44,139.5,135708.3
33,1,1,66479
11,1,1,91431.54
41,49.5,130.5,200220.02
35,65,165,72301.7
50,65,165,35775.51
70,65,165,316365.3
20,46.833333,121.666666,43237.5
43,71,168,162067.02
36,78,183,62000
12,41,165.333333,125159
21,1,1,65534.89
27,42,95.5,123823.99
26,1,1,66795.75
62,68.5,213,385060
73,1,1,288618
38,51,113.333333,251338.38
31,1,1,86211.37
17,33.75,124.5,141943.05
22,27,120,192395.63
74,78,148,142953.98
82,65,154,190605.31
38,64,160,66479
68,65,165,228401.78
43,61,160,153117.52
12,1,1,219895.66
77,65,165,268596
33,50,165,71838.13
35,1,1,106734.26
31,1,1,223518.24
23,50.5,166,40469.77
36,1,1,139418
42,60,170,57663.04
28,1,1,20098.17
37,93.5,183,90177.53
81,1,1,360772.5
23,40.5,154.6,155934.41
33,1,1,314962.63
27,65,165,17295
39,65,165,28377.12
28,55,160,78473.83
18,37,114,166572.95
75,74.5,185,293815.33
58,1,1,158978.69
28,65,165,58772.17
20,1,1,205138.5
15,1,1,91886.83
29,1,1,20098.17
83,70,165,279022.42
21,78,160,18375.94
42,65,165,74593.12
29,70,172,77779.83
85,72,211,163920.57
34,60,162,85882.53
20,60,165,75829.83
31,1,1,127029.87
55,100,170,317957.38
22,53.333333,125,53118.25
24,66.9,138.6,279166.76
20,52.5,161.5,131347.34
32,1,1,165324.16
34,60,162,33422.53
13,1,1,202030.86
27,48.5,146.5,208223.7
31,71,169,97342.77
40,1,1,26427.12
63,65,165,181347.82
19,1,1,56017.65
20,50,100,282318
22,50.333333,106.333333,203380.56
31,98,156,66795.75
30,1,1,198469.23
71,1,1,172238
33,62,161,61764
55,1,1,70645.22
35,65,156.666666,248790.86
25,48.75,136.5,287900.6
35,65,165,412149.52
25,53.75,137,95435.46
58,60,160,163391.69
49,1,1,209617.99
32,49.5,121.25,282823.34
26,1,1,107166.92
25,40.25,121.25,276978.68
16,1,1,217583.54
30,65,165,322764.81
22,48.5,105.5,107341
27,1,1,39551.47
72,70.75,165.5,281254.78
21,40,129.25,252471
27,65,165,423624.04
20,1,1,138489.34
54,50,100,152321.77
58,60,160,102674.55
19,1,1,236624
18,55.2,138,74576.75
31,1,1,47888
64,100.25,158.5,159609.17
22,65,165,114135
28,1,1,345787.83
25,1,1,28008.83
12,28,77.5,195375.73
37,43.5,199.333333,326703.35
64,73,168,143494.77
37,65,165,161569.8
55,55.5,161,228681
24,6.5,35.5,144870.37
19,65,165,273321.28
21,40,139,318189
16,1,1,156914.56
80,57,158,293815.33
17,37.428571,104.714285,124098.99
40,75.5,189,259189
18,1,1,152488.25
64,76.5,171,262313.24
38,1,1,178346.02
30,1,1,57689.75
30,1,1,110497
71,85,175,109710
25,1,1,78473.83
25,1,1,22407.06
67,68,247,109710
18,41.8,124,74576.75
20,1,1,66795.75
31,65,165,64079.83
21,36.3,121.6,282318
23,52.2,132.2,174729.79
26,36.5,128.5,247466.03
20,38.2,117.6,239877.77
24,65,165,106787.59
29,50,154,66795.75
38,72.875,185.75,418287.1
66,1,1,111496
35,1,1,230090.5
23,65,165,75593
17,40,101.5,96792.06
23,36.833333,131.333333,200490.1
29,90,160,54219.17
27,1,1,78026.54
60,56,165,326783.38
17,1,1,322898.61
18,62,168,163609.46
35,64,166,72301.7
56,65,165,136900.65
32,64,165,75829.83
50,1,1,95708.41
28,1,1,107166.92
67,45,165,323955
62,64.5,165,262313.24
22,35.5,82.5,138489.34
17,1,1,240434.08
23,35.5,96,107257
38,65,165,200245.15
20,48.833333,150.666666,97900
21,51,136,162952.23
45,1,1,36481.24
32,57,181.333333,180939.85
27,56.4,166.2,376659.4
87,72,211,204900.71
44,65,165,120272.68
26,39.6,134,308836.4
17,65,159,113257.7
15,45.5,115,137002.48
74,80.5,155,304968
54,1,1,119355
28,50.6,63,324970.27
57,1,1,135054
26,22.333333,55.666666,260872.1
37,1,1,141535.95
19,52.2,132.2,61892.52
47,1,1,47700.68
66,70.5,168.5,400952.52
25,81,130.333333,393179.63
24,53.75,126,207339.5
66,1,1,78002
27,76.3,204.6,297297
56,63.5,240,135054
28,1,1,55688
36,68,155,26738.02
23,65,168,64079.83
22,58,133.5,78026.54
26,1,1,64079.83
44,90,175,93166.24
60,1,1,136284.77
85,65,165,153675.53
23,65,165,35631.65
37,53.75,76.5,210290.52
47,50,100,109793.68
79,1,1,283614.63
27,51.666666,110,200828.62
34,1,1,337488.85
12,18.75,43.25,184422.4
12,32.166666,105.666666,149330.5
39,65,165,182979.51
33,46.125,127.25,280547.14
30,76,188,101878.92
26,49.5,127.5,123038
36,65,165,183406.12
62,65,165,228681
31,1,1,21618.75
26,78,155,75135.83
24,70.583333,148.5,390004.75
32,1,1,337488.85
29,50,100,74235.27
23,40.2,80.2,86776.63
35,76,167,81588.53
33,65,165,62000
24,1,1,78473.83
33,54,165,72301.7
12,35.875,87.5,202016.2
38,65,165,69258.4
42,65,165,124726.82
43,65,165,35775.51
61,70,163.5,258164
20,50.5,158,122817.4
25,1,1,75829.83
32,1,1,55688
38,66,159,124726.82
34,70,167,81588.53
49,1,1,111003.24
44,65,165,109793.68
30,49.333333,104,203966
18,1,1,67257.56
13,30,83,166558.64
24,1,1,92011
48,1,1,35565.41
38,65,165,109661
71,56.5,169,118526.48
37,1,1,227870.48
42,67.5,248,96876
23,38.2,117.6,294949.49
23,76,201,73185.83
27,68,179,66795.75
22,1,1,73185.83
58,58,158,118464.5
49,1,1,98574.24
31,75,195,107166.92
19,46.666666,125,149360.48
20,34.333333,56.333333,177877.88
13,41.25,58.75,196572.8
26,60.75,164.5,300243.63
24,37.666666,120.333333,167306.79
20,43,84.5,172558.47
26,65,165,57689.75
32,71,164,60137
37,46.5,98,74593.12
18,35.5,84,168888.41
26,63.5,165,107166.92
64,1,1,158978.69
75,72,159,173035.44
39,70,171,90177.53
61,71.5,164.5,286989.54
25,1,1,78473.83
63,64.5,165,262313.24
32,60,166,72656
18,17,14.5,77851.65
29,72.5,186,126435.5
55,1,1,113503
22,41,83.75,80874.08
53,65,165,136900.65
28,1,1,47463.66
81,65,165,341745
54,62,169,136900.65
76,63,173,116195.15
12,28,116.666666,149330.5
17,1,1,109709.87
32,70,167,73185.83
31,54,154,63325.17
25,31,150,70924.47
29,67,162,52432.37
29,1,1,28008.83
76,56.5,168,293815.33
34,1,1,153086.24
18,40.25,132,89255.9
83,65,165,389311.35
20,1,1,191639.98
30,82,176,65275.17
58,65,165,219854
35,43.5,125.5,190927.39
62,65,165,88410.9
26,1,1,283808.12
83,1,1,160108
38,1,1,57663.04
67,65,165,102853.13
35,56,152,33422.53
61,74,158,219854
27,19.333333,55.666666,185273.87
30,1,1,107166.92
31,88,189,87977.38
59,65,165,219854
31,1,1,68632.83
26,42,133.666666,53118.25
18,40.857142,134.428571,146320.95
17,41.5,103,133203.47
18,34,111.5,59865.34
30,1,1,369579.01
52,50,100,147006.2
69,65,165,223657.8
38,65,165,33422.53
46,85.5,160,58475.58
24,37.285714,115.714285,115540.89
46,67,175,38160.54
33,65,165,124726.82
32,1,1,94259.67
76,65,165,164383.67
33,67.25,215.75,92114
32,52.5,160,150216.62
26,62.7,225.2,277192.14
25,56,151,45114
34,41,142.25,407753.36
57,1,1,154271.77
42,63.5,169,239221.52
59,1,1,167805.69
25,48.7,134.8,91543.14
37,59.333333,163.333333,210677.11
22,1,1,178072.31
30,61.25,146.25,266080.63
71,70,172,194117.4
13,49,131.5,273031.23
64,1,1,163391.69
49,65,165,109793.68
25,1,1,66795.75
34,65,165,179998
50,50,100,109793.68
12,50,100,139853
23,65,165,53807
37,69,179,72656
78,1,1,173035.44
32,74,176,73271.76
47,65,170,90300.41
35,1,1,124726.82
31,1,1,29958.83
47,60,160,122825.91
22,48.25,124.5,41329.28
52,64,249,129690.65
48,5,3,81760.8
20,44.333333,133.333333,180019.89
46,85,107.333333,121262.77
26,1,1,80874.08
41,65,165,120431.82
20,44.6,60.2,414197
36,1,1,81588.53
11,34.5,78.5,148092.64
67,1,1,215632.19
21,1,1,152948.65
17,39,152.5,84828
18,1,1,175965.15
64,72,157,101345.24
22,56,172.666666,162200.25
66,63.5,168,111708.38
20,38.333333,138.666666,190376.77
29,33,83,141974.62
20,53.4,153.8,279207.59
30,65,165,107166.92
30,62.8,160.4,133540
14,26.333333,59.666666,355584.25
36,33,83,317425.51
39,68,177,64214.7
27,1,1,61710
25,44.5,150.25,100468.75
16,49,154,181929.91
20,55.333333,143.333333,160269.78
32,49,152,33422.53
43,1,1,219587.36
28,1,1,201859
38,65,165,206819.94
15,36.5,77,111567.06
56,1,1,383043.71
22,1,1,184559.75
55,1,1,204370.8
33,1,1,74593.12
19,36,111,42389
27,44.25,128.5,284564.39
50,60,169,103581.05
13,2.666666,22.333333,225515.15
21,1,1,336102.4
17,1,1,126235.5
32,1,1,18016
71,68,247,124764.72
42,71,168,162067.02
34,1,1,57663.04
17,1,1,102838
61,83,172,136900.65
58,60,160,129516.24
29,54,154,63325.17
18,28.8,101,134552.05
43,77,167,96876
25,65,165,93281.32
38,64,177,66000
26,68,156,78473.83
26,60,96,54219.17
60,55,161,118464.5
13,32,122,133112
24,1,1,126235.5
30,1,1,237309.2
54,65,165,45133.32
23,36.333333,112,187420.92
77,1,1,155731.9
26,46,131,132538.5
69,1,1,137137.5
37,62,167,74593.12
59,1,1,228681
24,75,181,63660
64,65,165,158978.69
49,1,1,82000
26,56.625,174.5,92421.12
70,61.5,173,208258.5
19,38,128.666666,138828.67
19,68,175,38736.34
59,1,1,228681
64,60,160,64745.75
49,92,160,25151.16
46,1,1,109793.68
63,65,165,163391.69
30,1,1,66795.75
16,1,1,162200.25
72,65,165,223657.8
40,63.5,138,74593.12
11,18.75,43.25,184422.4
17,59.142857,110.428571,161851.02
54,58,162,78494.69
38,65,165,83538.53
23,36.25,134,93929.81
37,1,1,85882.53
14,1,1,111051.13
35,65,175,195137.15
29,1,1,66795.75
29,58,161.5,91581.07
73,70,170,247936.19
27,39.666666,129,172804.48
77,65,165,293815.33
39,75,165,74593.12
18,48.75,126.5,235133.08
26,65,167,28008.83
38,35.833333,86.333333,264827.26
29,1,1,73185.83
60,1,1,143494.77
40,1,1,159790.68
66,80,185,325854.33
60,50,100,156807
24,1,1,99405.6
21,58.5,127,112479.5
22,45.666666,154,43237.5
21,1,1,164049.5
22,65,165,308220.7
27,1,1,66795.75
32,1,1,48196.63
45,65.25,159,263708.25
25,1,1,15425.94
16,1,1,418351.23
57,97,188,167805.69
18,2.666666,22.333333,191588.05
35,52.2,132.2,192259.09
82,65,165,355955.42
39,1,1,81588.53
20,65,165,221533.6
56,1,1,136900.65
33,50.8,144,189660.6
41,1,1,156492.55
51,100,109,79852.75
52,71.5,166,109793.68
28,51.666666,149.666666,211182.91
33,77,132,64214.7
79,70,175,152484
30,78,175,54219.17
25,44,127.333333,289166.4
21,1,1,126658.14
53,88.75,142.5,385975
33,64.333333,150,313948.33
68,1,1,223657.8
25,1,1,256163.38
33,64,166,72301.7
53,1,1,167805.69
25,65,165,90850
23,51,144.5,238122.08
83,50,100,376445.49
77,78,168,381210.62
28,1,1,63325.17
29,1,1,66795.75
28,1,1,337459.42
69,78,176,137137.5
69,60,160,98739
35,52.5,151,165369.99
48,62,171,53388.19
44,50,100,33615.41
35,58,168,82206.05
21,65,175,195390.15
36,60,154,57663.04
65,1,1,177723.5
14,36,110.4,245409.76
29,61,172,75829.83
65,72,100,109710
35,79,118,21258.56
39,65,164,63805.2
65,75,168,167805.69
64,65,167,228681
22,49.333333,141.333333,154752
22,76,156,54219.17
65,68,168,78494.69
24,1,1,234049.87
61,1,1,143494.77
53,68,171,138850.65
21,1,1,306936.59
21,27,84,126235.5
31,1,1,58772.17
36,1,1,74904.02
19,62,168,174891.46
38,70,158,68257.7
61,1,1,129690.65
77,63,173,139434.18
74,1,1,264554.1
43,80,178,162067.02
22,38.25,97.25,224959
38,68,177,64214.7
21,1,1,51297
13,1,1,162200.25
56,65,165,120865
29,70,153,52432.37
25,1,1,75135.83
58,80,180,148182.02
33,55,150,90177.53
19,36.333333,141.666666,355045.38
28,1,1,176035
27,65,168,18148.17
22,37.5,118,148167.34
32,55.25,148,159373.94
18,39.25,133.5,193568
25,39.6,134,308836.4
73,1,1,283614.63
66,65,165,252153.5
63,1,1,154867.27
59,69,168,143494.77
21,48.916666,101,132304.4
20,1,1,238122.08
12,28,110.5,91886.83
40,1,1,420581.04
55,65,157.5,109651.1
79,52,153,100937.2
32,1,1,68629.06
35,58.5,139,153814.21
35,1,1,124726.82
45,62,135.5,161753.25
30,1,1,143950.3
47,56,165,271649.85
15,2.25,1,111567.06
24,59.333333,139,168986.25
38,1,1,72885.19
26,26.666666,56.666666,53118.25
72,1,1,288714.41
37,70,166,66479
22,65,165,170283.4
76,65,165,283614.63
49,65,165,49650.68
24,1,1,66795.75
18,51.6,118.8,262282.75
65,69,175,136900.65
23,65,175,119628.72
40,78,172,66479
25,1,1,58772.17
24,46.333333,136.333333,168986.25
54,65,165,337844.91
65,65,156,199933.25
34,65,165,74593.12
29,1,1,170052.24
36,72,162,24135.7
11,32,70.666666,144949.83
39,70,162,66000
12,1,1,219895.66
32,65,175,92772.92
71,1,1,229845
30,65,165,187941.49
18,1,1,138828.67
22,46.6,144.8,336102.4
60,65,154,210290.52
17,2.25,14.75,115472.55
67,1,1,233146.83
64,80,185,228681
25,36.166666,131.666666,198953
37,64.5,175,61131.4
23,48.333333,126,55240.62
19,56.666666,120,137994.1
60,1,1,265975.42
69,88,162,233146.83
19,37,118.5,132265.05
18,48.5,132.5,148167.34
22,1,1,249373.89
64,60,160,143494.77
49,64,237,87335.75
17,47.666666,104,229801.98
55,74,170,244132
22,51.75,161,220000
61,51,134,143494.77
58,1,1,287384.5
19,1,1,47432.8
21,51.333333,131.333333,148171
75,1,1,308682.28
34,63.5,198,61793
68,78,162,409949.38
23,1,1,57665.62
36,1,1,76543.12
60,70,170,135054
19,37.8,76.4,58792.06
33,65,165,83538.53
51,5,3,109793.68
16,35.5,84,129145.61
60,1,1,129690.65
31,60,162,75829.83
29,60,160,61710
55,65,165,158978.69
47,1,1,109793.68
64,65,165,151129.22
31,65,165,66795.75
17,59.142857,110.428571,161851.02
29,1,1,107166.92
71,65,165,82282.5
62,65,165,158978.69
29,54,97,179660.09
39,1,1,175098.54
37,73,150,26427.12
20,45,125.166666,174182.32
15,37.5,176.75,229439.2
28,58,153.2,337042.51
22,1,1,80874.08
21,1,1,195390.15
57,63.5,239,207775.5
12,1,1,118490.89
19,33,83,57428.4
28,39.666666,129,184086.48
35,1,1,62952.64
28,1,1,193365.98
36,69,165,49434.4
69,72,228,316365.3
36,65,165,66000
21,1,1,67257.56
38,60,160,35372.53
33,68,168,70549.12
47,97,174.5,166758.19
35,65,165,116137.82
17,1,1,85306
24,22.333333,55.666666,200828.62
26,52,153.666666,355045.38
26,44.75,104.5,180544.76
14,1,1,247775.64
84,70,165,279022.42
29,1,1,58772.17
12,49,124,229520.26
75,78,168,228726
71,50,100,220774.05
48,1,1,98574.24
16,46.666666,125,149360.48
74,80,165,283614.63
19,65,165,254505.75
34,70,156,299659.27
30,69,171,56000.01
61,65,165,129516.24
46,25.666666,53.333333,377496.71
60,1,1,145444.77
37,55,6,217829.5
29,42.2,111.4,108771.12
42,70,155,74593.12
19,37.75,75.25,252839.08
76,66.5,164.5,228726
70,74.5,168.5,253704.38
60,1,1,158978.69
29,1,1,345787.83
74,70.75,165.5,356519.82
16,29.666666,97,58244.5
81,64,167,152484
14,32.666666,88.666666,210452.15
39,65,165,116137.82
71,65,165,223657.8
16,34.25,123.5,130086.64
16,38.8,130.2,94490.59
64,65,165,205151
17,1,1,110225
25,47,145.333333,60761.7
25,64.5,175,133591.5
35,1,1,57663.04
49,89,165,115032.68
76,67,168,190605.31
65,74,162,167805.69
65,82,157,163391.69
69,90.5,153,205151
20,1,1,53641.05
34,65,164,66000
20,1,1,149360.48
22,1,1,241444.38
74,68.5,167,360772.5
29,66,168,73185.83
16,30,83,176339.56
17,33,83,273660.6
19,1,1,225515.15
12,26.125,85,63847.5
35,1,1,85882.53
23,56.5,166,107166.92
26,60,165,18148.17
21,50.333333,106.333333,280481.63
68,1,1,111708.38
18,1,1,255610.3
42,56,158,93166.24
43,95,193,22800.75
24,23,63,312735.78
53,65,173,136900.65
20,46,87.5,121013
27,45,127.333333,191932.8
23,33,83,57428.4
36,71.5,178,112716.8
34,67.5,169.5,134908
65,71,122,167805.69
20,65,165,214676.4
63,1,1,422519.5
15,36,98.666666,158731.94
32,1,1,269730.27
15,1,1,120292.91
32,1,1,107166.92
43,1,1,162067.02
32,65,165,315586.61
23,1,1,58772.17
18,28.428571,71.285714,405921.31
19,1,1,149360.48
12,65,165,167918.64
25,50,1,183681.28
17,44.25,147.75,188210
15,1,1,105144.46
22,60,160,192436.11
84,1,1,204900.71
22,65,182,101878.92
22,1,1,148167.34
64,57,159,138090.19
23,50.166666,75.833333,390215.88
52,72,156,198958
40,1,1,226562.75
70,70,172,228401.78
26,53.25,147,276452.12
20,95,125,239591.38
25,72,164,61710
17,1,1,88258.15
27,65,171,75829.83
67,74,174,241706
34,1,1,307300.35
13,43.666666,110.333333,54927.92
18,33,83,63847.5
62,1,1,219854
33,60,160,60137
34,1,1,26427.12
33,74.5,165,96172.34
17,1.666666,10.333333,74180.53
64,88.5,114,139370
28,52,166,146371.66
23,48.25,94,84828
65,72,169,125513.05
57,1,1,304643.54
68,79.5,160,186219.5
74,65,165,324695.25
77,64,166,293815.33
16,45.5,115,87883.84
34,1,1,66479
30,1,1,81314.8
40,1,1,74593.12
38,75,171,74593.12
15,35,112,118438.13
39,56.75,132,189339.9
65,1,1,143494.77
37,58,145.5,310333
28,1,1,151026.58
71,67,158,93573.54
31,1,1,60602.94
61,73.5,157.5,183262.63
25,52,142.75,276452.12
51,56,167,95708.41
64,1,1,232164.52
22,1,1,188264.64
24,1,1,268654.75
22,51.666666,142,145211
28,65,159,66795.75
54,65,165,63010.77
15,30.5,112.333333,43237.5
66,1,1,316365.3
30,1,1,107166.92
15,45.5,115,137002.48
41,70,168,26427.12
55,65,165,143494.77
15,60,121.666666,138828.67
51,60,160,47700.68
40,62,158,64214.7
18,2.4,16.8,262282.75
38,60,163,33422.53
28,66.8,158.6,142358.79
22,1,1,42389
24,90,165,29958.83
29,1,1,58772.17
47,65,165,157826.9
45,48.25,200,392044.49
14,40.5,77,108333.65
25,34.166666,128.333333,212946.88
27,36.166666,131.666666,243547.37
50,71,177,47700.68
45,1,1,139495.02
25,1,1,75829.83
32,1,1,307300.35
58,65,165,158978.69
27,1,1,194268.45
20,1,1,236320.17
19,1,1,276978.68
61,65,165,139370
31,57.5,132.5,126188.3
14,1,1,128886.5
33,50,100,68257.7
45,60,160,36481.24
25,72,164,61710
30,1,1,214333.84
56,65,165,161431
30,1,1,170052.24
26,70,159,57689.75
35,60,167.5,177722.49
40,1,1,80451.2
20,52.5,140,91886.83
73,74.5,175,249529.44
49,61.833333,163.333333,85395
69,1,1,226276.88
40,1,1,321732.92
19,44.666666,129.333333,36127.53
26,1,1,64079.83
28,50.75,134.25,116598.5
17,59.142857,110.428571,161851.02
22,53.6,140.4,286407.27
30,65.5,127,85313.83
27,1,1,64079.83
39,65,165,73501.53
79,62,149,245981.25
36,68,168,74593.12
56,60,160,78494.69
14,13.8,33.8,142025.44
20,1,1,293710.95
21,46,132.666666,127716
32,1,1,55422
35,70,159,85882.53
69,65,165,220293.52
43,65,168,128503.07
84,72,211,121987.2
61,68,173,129202
67,71,63,196230.3
34,65,175,150216.62
18,44.5,133,118438.13
16,31.666666,115,148541.67
23,41.6,103.4,66620.2
33,56.5,138,83538.53
35,1,1,74593.12
42,1,1,196278.09
19,1,1,211775.45
63,1,1,158978.69
40,1,1,68257.7
47,1,1,419935.21
20,47.357142,141.285714,387003.95
32,65,165,92772.92
37,90,158,74593.12
63,71,168,143494.77
74,1,1,129776.58
57,1,1,258404
53,58,220,158978.69
28,61,159,243547.37
69,71,164,124764.72
75,65,165,142953.98
60,65,147,169755.69
31,56,165,25207.95
21,40.25,110.75,200920.4
24,65,165,85757.6
61,60,139,62796
19,48.666666,151.833333,157797.39
62,67,158.5,375045.82
41,68.5,131,81588.53
29,1,1,325968
30,61.25,164,273079.38
56,65,165,193106
57,64,154,78494.69
75,62,164,171544.78
65,63.5,168,56416.65
67,69,150,220774.05
29,1,1,277220.34
61,1,1,129690.65
29,69,171,63325.17
19,2.75,18,104455.9
23,65,175,87977.38
42,1,1,109793.68
55,1,1,380782.69
26,64,155,58772.17
64,65,166,53559.15
41,1,1,196278.09
35,66,172.5,42283.87
26,53.666666,143.333333,49171.67
49,70,151,189935.9
51,1,1,115032.68
16,37,118.5,120449.12
26,60.714285,160.714285,134876.12
27,45,98.25,237139.44
26,46.6,154.6,352075.62
22,1,1,126235.5
65,65,165,416517
25,56,158,66795.75
21,64,165,75829.83
24,34.166666,128.333333,212057.68
46,70,170,151588.02
24,45.5,134,41919.59
31,65,175,92772.92
22,47.5,135.5,179361.2
51,56.5,153,98574.24
32,70,156,66795.75
15,1,1,176339.56
24,1,1,265483.64
24,47.875,140.25,315692.68
48,63,165,140074
28,52.5,160,146660.85
45,55,167,162067.02
37,60,100,94942.68
23,1,1,49171.67
82,65,165,389311.35
24,1,1,87977.38
25,83,181,101878.92
68,72,228,252153.5
75,1,1,190605.31
61,64,154,282864.77
28,50,100,82057.09
31,60,160,124778.58
39,62,158,64214.7
35,1,1,81588.53
29,70.25,163,246644.54
26,1,1,87977.38
66,65,165,163391.69
35,1,1,57663.04
20,38.5,83.5,315692.68
32,79,248,68456.12
17,1,1,135913.5
34,1,1,124726.82
43,1,1,153299.01
23,46.666666,115,67257.56
24,1,1,259152.38
81,50,100,171544.78
61,62,177,158978.69
31,1,1,107166.92
35,1,1,81588.53
17,1,1,126658.14
32,64,163,81588.53
16,1,1,227465.15
60,90.5,120,113503
52,1,1,133134.23
78,60,160,142953.98
31,64.333333,150,313948.33
32,1,1,175050.06
26,50.25,129,291800.6
18,1,1,220414.08
34,67.5,139,66817.02
23,53.25,138.5,221095.5
58,69,125,241312.54
37,39.25,110,166629.65
14,1,1,105674.12
23,47,105.666666,179908.25
71,79.5,169,417900
30,65,165,333388.98
63,72,152,158978.69
34,65,168,145865.61
14,38.8,106.2,172837.42
32,60,160,135626.87
13,38.5,119.5,78876
32,65,165,70207.7
15,32.75,110,118888.05
20,44.75,90.5,115556
46,60,160,38161
56,65,165,62796
30,75,5.5,35325
59,65,165,219854
27,42,136.2,70269.28
29,58.3,195,192752.49
24,1,1,286316.63
21,1,1,227115
14,1,1,96483.78
22,25.5,50.5,112479.5
24,1,1,75829.83
48,1,1,86481.24
45,60,165,109793.68
56,60,160,88274.69
82,68,146,204900.71
17,46.5,147.5,43561
21,40.5,154.6,163608.27
58,1,1,143494.77
64,65,154,139370
20,49.125,112.5,280496.11
55,75,168,196811.83
23,1,1,276978.68
83,60,100,297910.03
28,1,1,66795.75
57,60,170,125591.5
66,84,154,219854
31,65,168,18375.94
21,54.5,125,99265
26,43.833333,129.666666,74038.62
20,38,128.666666,138828.67
27,1,1,193783.05
32,25.5,77.5,224000
18,17,42,195320.08
17,1,1,99274.83
28,1,1,134239.2
66,77.5,213,94952.12
40,50,100,295989.01
73,80,165,283614.63
25,40.25,105,375882.98
30,92.5,194,74033.75
27,53.666666,146,78026.54
36,1,1,42389
34,1,1,26427.12
26,1,1,213393.36
85,70,165,285065.33
76,84,178,190605.31
25,1,1,172950.24
27,2.083333,12.833333,205630.2
54,1,1,167805.69
35,61,201,60137
21,33,83,238122.08
28,57,106.333333,275207.28
26,1,1,67257.56
36,68,171,75451.53
31,1,1,383283.02
36,1,1,90177.53
21,38.25,97.25,204477.3
46,87,195,89495.02
24,1,1,150110.67
11,65,165,241364.18
23,52.333333,133.666666,67257.56
36,69,165,90177.53
44,65,165,120272.68
20,44,101.5,138252.4
27,65,165,23568.75
84,77,221,153675.53
16,1,1,130086.64
19,1,1,148092.64
22,40.428571,116,426501.56
18,33,83,111051.13
62,70,170,167805.69
77,1,1,154926.87
22,1,1,334803
52,1,1,116642.8
31,1,1,64079.83
30,1,1,150216.62
22,1,1,306936.59
15,40.833333,102.333333,162110.65
20,41.25,1,289999.63
74,68,168,266044.76
23,65,165,64700
40,68,163,267672
19,38.25,123.5,188478.91
25,1,1,148932.49
60,50,100,118464.5
54,65,248,228681
42,85,180,115032.68
38,73,227,33422.53
48,50,100,411284.33
14,40,129.5,133591.5
78,75.5,136,360772.5
62,72.5,151,197287.5
71,65,165,369215
15,39,97.5,31026.83
32,94,185,75829.83
22,1,1,136314
28,55,165,68745.75
23,40.75,138,234081.54
22,49.666666,131.666666,179627.56
23,1,1,115556
22,53,156,73185.83
14,32.25,156.5,408319.57
10,28.375,108.25,67221.18
66,73,167,299895.75
28,50,100,18148.17
58,69,156,111639.75
54,67.5,130,63010.77
32,60,175,97325.92
21,95,125,239591.38
63,1,1,262313.24
15,1.75,11,263949.02
22,22.333333,55.666666,183868.76
19,42.833333,129.666666,190794.45
42,1,1,239221.52
51,68,168,109053.24
18,1,1,106787.59
25,62,162,107166.92
20,43,138,97000
27,1,1,66795.75
22,65,165,304749.04
27,42.333333,103,158065.25
38,60,132,388884.85
11,33.666666,67,186987.45
68,70,156,205438.72
25,3,35.5,59615.62
31,62.875,142,115331.24
36,65,165,276488.17
26,48.75,193,122035.76
29,1,1,64079.83
49,50,100,110732.54
38,75,156,74593.12
25,53.666666,143.333333,49171.67
53,1,1,158978.69
64,74.5,169.5,228735
28,70,172,77779.83
25,69,159,66795.75
74,1,1,190605.31
75,65,165,293815.33
25,64.8,152.2,262015.4
43,65,154,193364.62
23,1,1,349096.79
74,65,154,259520.86
20,50,100,202892.15
38,65,165,62284.81
51,1,1,75151.16
47,88.5,81,150216.62
34,1,1,95906.4
66,68,165,120656.27
15,50,100,265269.26
15,46,80,110225
32,60,170,74593.12
20,39.75,105.5,66544.47
58,1,1,143494.77
63,65,165,159609.17
25,65,165,55688
64,79.75,145,286559.5
13,1,1,149330.5
24,1,1,179998
21,1,1,103093.22
26,1,1,44266
14,42,114,120449.12
28,1,1,220077.87
52,58,165,36481.24
33,94,185,85882.53
47,68,165,42930.61
21,1,1,176919.25
67,1,1,304873.05
34,1,1,81588.53
66,70,164,167805.69
68,65,165,212100.02
26,65,156,104198.24
49,75,165,58475.58
29,45.5,79,166694.49
25,65,165,58772.17
33,82.5,123,262277.21
66,80,236,199412
23,42.166666,139.5,120507.08
30,59,153,52432.37
66,65,165,187137.5
16,1,1,162200.25
42,90,140,38160.54
80,66,165,190605.31
28,46.25,120.25,379254.74
33,68,168,33422.53
45,65,165,109793.68
35,65,165,162580
19,1,1,115556
91,76,198,166546
32,1,1,207016
41,51,165,81588.53
25,1,1,58772.17
60,73,166.5,247893.24
29,64,165,65714.81
31,1,1,73185.83
33,56.666666,5.666666,227870.48
27,1,1,159389.14
16,28.75,127.5,244280.5
28,43.666666,118.333333,253147.32
53,100,109,158978.69
74,65,165,283614.63
46,66.333333,155.333333,145750.86
28,1,1,396093.3
29,95,180,55688
63,1,1,139370
22,80,178,78473.83
33,27.5,83,264910.05
29,1,1,54219.17
31,65,164,107166.92
20,34.5,87,113665.59
27,1,1,66795.75
19,49.125,112.5,280496.11
66,63.5,151,292612.5
36,75,165,74593.12
65,1,1,232164.52
78,78,168,381210.62
61,80,180,228681
20,29.5,84.5,124733.34
27,65.1,113.8,389090.82
22,47,169,99274.83
49,65,165,80545.52
36,1,1,68257.7
26,36.5,115.5,71499.21
33,1,1,90177.53
16,33,83,84340.02
22,1,1,173124.95
33,65,165,72301.7
34,69,158,74593.12
54,88,175,143494.77
43,68,165,115032.68
29,75,168,63325.17
18,50,100,118847.4
16,28,81.5,138114.64
28,60.5,145.75,78026.54
22,47.5,130,98484.99
33,75,165,235474.5
25,1,1,62242.75
37,1,1,73501.53
56,65,165,136900.65
18,34,123.166666,385888.18
16,1,1,183272.07
49,1,1,98574.24
26,1,1,52432.37
66,67,134.5,402902.52
44,65,165,95708.41
76,1,1,299152.01
33,1,1,194092.69
43,82,187,162067.02
77,73.5,167,173035.44
64,72.5,151,167805.69
33,1,1,297468.03
31,1,1,72083.75
20,1,1,379736.88
60,73.5,157.5,160889.38
48,70,168,120272.68
25,80,178,78473.83
70,68.5,166,199412
17,14.6,31.2,65534.89
37,59,167.333333,80707.5
31,90,170,75829.83
29,53,162,75829.83
37,1,1,90177.53
60,1,1,167805.69
69,68,164,116566.88
60,65,175,163381
60,62,177,113503
19,81,132.333333,88258.15
28,1,1,22407
55,55,169,110363.2
43,1,1,98574.24
18,1,1,63847.5
21,57,144.5,200920.4
24,37.875,83.5,379782.98
22,68,169,64737.21
27,6.5,35.5,152166.62
22,90,195,107166.92
18,65,165,225515.15
43,73,168,75151.16
22,39.75,124.5,238122.08
13,25.333333,80.333333,62594.89
25,50,124.4,134469.4
18,43.666666,111,133058.53
21,39.8,132.2,101632.28
22,58.5,127,119719.96
65,71,167,236420.64
67,65,165,187775.49
19,34,117.5,128165
20,45.5,118,118438.13
14,1,1,158452.88
33,70,171,81588.53
59,1,1,130714.39
18,40.25,110.25,218106.5
23,1,1,207339.5
33,60,150,66479
71,60,160,233146.83
30,72,138,75135.83
20,42.333333,133.333333,198393.06
18,51.75,121,188478.91
12,28,90.666666,204804.53
30,65,165,49505
33,63,196,124726.82
16,41.333333,140,141451.8
63,71,168,228681
31,1,1,40838.99
66,100,205,82282.5
20,1,1,111690.89
21,49.75,118,43214.24
54,65,165,143494.77
18,9,1,105674.12
64,69,171,163392
20,33.666666,67,158707.2
68,1,1,316365.3
21,33,83,47892
34,82.5,123,72301.7
53,60,160,47097
40,1,1,143467.19
55,1,1,136900.65
20,1,1,188478.91
24,69,159,66795.75
30,60,160,56000
21,49,174.5,57428.4
30,68.5,164.5,126650.34
15,43,121.75,342654.78
14,26.25,48.75,414194.36
80,1,1,190605.31
32,1,1,66506.12
29,97,219,72083.75
18,46.666666,125,142183.35
21,50,100,83266.93
74,68.5,159,360772.5
48,75,175,34783.12
20,39,131.4,262282.75
22,53.666666,122.666666,133058.53
49,65,165,89393
64,86.5,180,167160
35,70,170,107711
23,1,1,47264.3
12,28,77.5,195375.73
36,43.5,199.333333,326703.35
73,58,169,152484.25
39,63.5,170,74593.12
34,65,115,235706.83
27,1,1,210954.48
55,65,145,49047
57,65,165,234003.75
26,61.666666,219.666666,252276.13
20,36.5,81.5,53641.05
31,38.5,100.5,175418.92
67,65,149.5,143982.16
31,54.5,155.25,71726.46
62,65,165,129690.65
23,47.5,153.25,92489.79
70,65,165,209944.05
68,68,164,226289.96
18,38.5,102.25,227331.18
35,84,153,74593.12
24,53.6,140.4,286407.27
46,70,6.5,227870.48
27,56,143.333333,53118.25
21,1,1,240434.08
33,66,158,81588.53
17,41.5,103,133203.47
63,65,168,78494.69
24,57,112.666666,67257.56
24,1,1,138489.34
20,12.8,32.8,176482.75
14,37.166666,110.333333,63698.4
50,1,1,27360.93
22,55.833333,151,128886.67
27,1,1,49171.67
26,68,179,66795.75
20,1,1,207339.5
43,1,1,40545.58
27,78,165,21618.75
65,72.5,151,167805.69
39,71.5,178,76543.12
18,41.5,139.5,104180.06
33,65,165,24135.7
27,78,158,51455
37,68.5,168,26738
78,66,165,190605.31
32,1,1,86778
28,61.25,146.25,254798.63
16,37.5,111.5,97000
24,52,138.333333,205440.98
19,1,1,276978.68
40,58.166666,160,241773
75,64.5,167,152484
43,76,168,120272.68
32,55,150,90177.53
27,1,1,66795.75
77,54,154,360772.5
16,40.5,89,126466.13
23,60,165,155559.66
60,68.5,163,78494.69
58,60,160,177683.08
22,1,1,203579.65
17,1,1,148710.87
17,43,121.75,252290.96
30,52,152.8,100816.36
21,28,82.25,213675.54
43,1,1,117452.61
44,75,171,156827.02
56,71,170,160928.69
71,65,165,109710
28,1,1,222386.52
57,65,165,185011.5
28,1,1,58772.17
34,65,165,66000
29,63.25,127.25,102728.27
70,65,165,304391
66,84,172,143494.77
15,36,110.4,264488.59
24,1,1,217903.12
21,62.5,162.5,100172.5
27,47.5,132.6,112974.3
34,1,1,120431.82
39,1,1,85882.53
21,34,109.5,42389
63,1,1,294876.36
31,54,150.4,102728.27
24,55,120.25,349687.83
21,30,95.5,360977.67
17,4.5,1,132265.05
20,1,1,275222.14
17,37.75,114.75,264879.3
59,1,1,158978.69
44,70,165,78592.9
23,48.5,56,59315
47,1,1,109793.68
40,65,165,72301.7
39,1,1,73501.53
21,52,131.333333,172966.06
31,43.125,188.25,264719.63
20,26.666666,56.333333,225545.3
62,65,175,158978.69
69,69.5,159,224715
22,1,1,200920.4
17,45,94.5,127285.76
26,92,171,78473.83
62,68,174,228681
83,1,1,204900.71
21,35,155,66795.75
76,65,165,306656.62
16,40.833333,102.333333,156914.56
15,1,1,120292.91
20,31.8,134.8,253251.17
67,67,159,229845
52,60,160,66720.49
25,1,1,134469.4
72,60,232,223657.8
30,1,1,52432.37
59,65,165,130892.62
30,78,67,110225
66,50,100,323955
24,41.166666,115.166666,117479.17
29,1,1,66055.29
28,50.5,121.25,283759.63
34,1,1,310847.31
52,6.666666,37,362921.67
48,1,1,96876
18,37.5,117,42389
16,30.5,82,54451.64
28,1,1,21618.75
30,57.2,158.8,411701.16
62,62,161,158978.69
41,60,160,26738
20,40,101.5,106787.59
77,69,161,152484
32,77.5,128.5,158984.15
72,65,165,223657.8
13,1,1,177877.88
19,1,1,119730.68
16,30.75,119,217027.37
37,65,165,81588.53
24,1,1,58772.17
26,1,1,58772.17
45,61,168,83583
24,51.75,148,389542.7
43,61.5,224,162067.02
56,80,174,160928.69
18,1,1,260173.28
55,65,173,136900.65
27,1,1,138849.88
35,75,171,66479
69,50,100,197287.5
64,84,154,219854
41,1,1,24135.7
53,1,1,111027.6
34,67,165,74593.12
69,71.75,221,386295
39,35,84.5,104937.5
64,1,1,219854
24,62,165,54219.17
19,35.333333,114,255610.3
81,68,156,257392.99
18,38.5,121,121013
42,65,165,81588.53
32,73,170,73185.83
50,65,165,189852.24
71,70,165,233146.83
21,48.875,124,57428.4
56,1,1,304643.54
33,1,1,124726.82
20,37.5,120,131804.83
28,40.8,139.6,367228.99
33,65,165,315586.61
21,1,1,196969.98
32,61,176,204905.74
27,72,153,63325.17
14,38.2,115.4,259293.75
24,26.6,66.6,160451.64
28,1,1,171002.29
24,46.6,144.8,350029.4
30,69,171,28008.83
34,30.4,60.4,85784.28
14,1.833333,1,159808.95
33,1,1,120431.82
31,1,1,137697.19
37,1,1,137176.75
16,28.75,62,35932.06
37,71.5,178,76543.12
53,65,165,193838.5
23,1,1,194047.56
24,1,1,134935.25
71,72,228,293380.8
21,1,1,314256.78
37,1,1,81588.53
63,65,165,78494.69
26,1,1,165568.78
68,1,1,223657.8
27,48.5,105.75,120470.22
48,78,162,98574.24
12,65,165,178440.46
32,53,139,271268
57,65,165,155053.96
38,65,165,26427.12
33,80,178,62000
61,65,165,143494.77
28,56.3,123.8,142108.13
19,65,165,47611.5
21,1,1,179696
24,1,1,134469.4
62,1,1,160928.69
24,36.5,128.5,198156.91
22,44,121,328094.5
43,1,1,86481.24
21,63,148,245838.26
27,1,1,62242.75
42,76,168,90177.53
22,42.5,143.5,138489.34
70,75,168,175680.55
19,1,1,178072.31
16,1,1,102838
66,65,165,111496
23,48.25,181.5,214676.4
21,1,1,141600.75
17,25.666666,52.333333,148541.67
69,65,165,397737.22
20,39.5,142,113665.59
25,72,162,58772.17
13,53.25,124,175444
12,1,1,109036
19,43.4,135.4,229101.75
22,50.8,153.8,293807.5
31,1,1,150216.62
25,1,1,64079.83
43,65,165,120272.68
62,1,1,143494.77
66,68,156,58871.02
25,1,1,73185.83
42,63.5,170,109793.68
73,87,169,129776.58
67,1,1,223657.8
26,68,170,21618.75
40,71,168,124726.82
17,33.5,95.5,48233.89
32,70,55,75829.83
38,1,1,85203
56,94,140,62796
74,69,170,342733.88
62,73,168,143494.77
22,1,1,221095.5
31,66.666666,141,96788.18
83,65,165,409801.42
29,56.666666,131.333333,253147.32
27,1,1,213943.48
73,79,166,169147
25,57,176,60722.17
36,65,165,285581.81
22,41.5,141,74908.83
16,38.3,44.4,176408.43
63,51,134,143494.77
54,50,100,167805.69
37,65,165,124726.82
19,33.8,111.6,103128.95
22,45.857142,127,113652.87
20,53.666666,138.666666,36127.53
35,59,162,26427.12
20,1,1,63847.5
35,65,162,74593.12
19,49,124,214676.4
61,65,165,219854
21,51.666666,117.666666,159637.91
23,1,1,180407.47
32,1,1,74593.12
33,85,153,64079.83
60,1,1,143494.77
21,1,1,172950.24
70,69.5,170,198228.68
27,60,100,51297
14,30.833333,100,149360.48
31,1,1,66795.75
22,1,1,148000
32,1,1,137697.19
35,65,165,188853.13
31,25.5,77.5,225008
28,1,1,387806.05
37,67,115,189841.05
30,65,177,63325.17
36,71,175,116137.82
59,1,1,206505.54
31,61.5,130.5,138470
25,56.625,174.5,71263.3
41,65,165,267725.84
17,31.666666,115,148541.67
19,45.75,108.5,63847.5
26,1,1,47611.5
27,1,1,259152.38
30,46.5,152,137697.19
43,67.5,248,120272.68
57,1,1,56416.65
33,1,1,37001.14
12,33,86,146142.64
31,65,165,72083.75
33,50,100,114335.5
25,65,165,223595.3
41,1,1,66506.12
29,1,1,107166.92
16,1,1,252290.96
19,1,1,138489.34
29,1,1,75829.83
23,1,1,221095.5
21,1,1,172950.24
52,1,1,139370
36,56,152,33422.53
17,28.333333,61.333333,174246.3
24,51.25,133.75,57428.4
16,54,52.666666,195390.15
74,65,165,307172.18
32,61.25,157.5,144380.05
25,1,1,75829.83
22,1,1,150216.62
43,82,164,98574.24
51,69.5,165,40110.54
41,1,1,227242.52
58,68.5,169,78494.69
64,72.5,225,136900.65
16,35.8,130.2,94490.59
62,1,1,129202
47,1,1,218087.89
15,50,100,130086.64
36,93.5,183,90177.53
24,1,1,68632.83
22,1,1,234715.28
26,1,1,16361.37
56,69.5,110,158978.69
63,1,1,287384.5
27,1,1,28008.83
28,59,165,41705
25,1,1,193031.25
75,76,110,114363
33,43.125,188.25,237555.38
16,48.75,126.5,203081.69
30,1,1,75829.83
22,1,1,324897.64
41,57,164,28008.83
31,69.5,169.5,127135
20,53.333333,110,223726.9
14,31.5,102,47449.43
14,41,165.333333,142220.53
29,65,165,57228.6
25,1,1,268654.75
29,1,1,171002.29
18,1,1,41889.46
16,36.166666,121.833333,93043.85
32,1,1,72083.75
21,53.666666,138.666666,36127.53
63,60,160,143494.77
22,37.875,83.5,284450
23,1,1,210452.15
33,60,166,90177.53
25,1,1,150117.34
23,65,165,336102.4
22,80,180,218859.8
37,65,165,101534
13,40.2,80.2,84170.78
55,65,165,158978.69
22,37.75,88.25,257478.08
79,64,166,293815.33
40,60,170,57663.04
32,1,1,66795.75
21,44.8,123,134469.4
28,65,165,45114
20,1,1,121013
38,65,156.666666,248790.86
30,60,157,62242.75
28,1,1,258171.7
25,1,1,109956.92
65,70.75,155.5,172505.75
40,1,1,28409.15
29,1,1,73185.83
44,86,250,312038.6
32,54,172,90177.53
19,44.5,134.5,113665.59
30,71.5,245,107166.92
73,68.5,161,346070.88
26,1,1,58772.17
54,1,1,167805.69
39,76.5,170,66479
32,78,181,92772.92
16,65,175,65534.89
53,65,156,147640.29
32,62.875,142,149853
31,94,185,75829.83
51,64.5,167,122222.68
31,1,1,46132.5
28,95,156,50796.23
46,1,1,109793.68
38,65,165,116137.82
71,54,154,124764.72
22,68,168,296781.13
23,42,132.5,126235.5
51,1,1,98574.24
21,53.25,122,229477.05
29,65,165,66795.75
62,73,225,281490
23,1,1,111969.4
17,1,1,44814.12
22,1,1,72083.75
66,88,161,219854
13,41,165.333333,142220.53
25,43.666666,132,206955.82
60,83,172,136900.65
24,1,1,90850
38,66.5,204.5,422266.26
31,1,1,70543.2
67,65,165,223657.8
81,50,100,173035.44
45,71,177,120272.68
18,34.5,115.75,63259.6
22,1,1,105502
20,39,130.333333,153797.18
32,1,1,74593.12
32,75,168,66795.75
71,61.5,173,198862.46
44,53,148.333333,201972.69
38,65,165,70549.12
62,1,1,180436
39,58,103,74593.12
27,62,100,101878.92
27,65,166,28008.83
14,1,1,227465.15
24,83,181,90538.54
22,1,1,32841.89
63,1,1,56709.69
38,65,165,135741.32
20,65,165,74180.53
24,59,157,124944
21,53.5,122.5,221216
65,65,165,317957.38
18,2.5,28,59865.34
60,65,165,191980
43,76.5,170,109793.68
61,1,1,158978.69
30,1,1,75829.83
31,40,140.333333,99024.22
26,1,1,190144.37
21,61,117,328382.92
60,75,176.5,184290.75
28,61,153,13611.13
19,1,1,138828.67
67,79.75,145,382636.49
74,56.5,168,293815.33
66,66.5,163.5,395868.04
61,68.5,169,78494.69
29,47.5,84.75,274363.65
17,51.333333,135,64421.88
59,68,160,143494.77
27,50.6,63,324970.27
33,68,168,74593.12
29,1,1,145467.28
69,65,165,106050.01
36,65,165,222079.87
56,1,1,143494.77
15,35.5,85.5,187600.1
15,35.333333,92.666666,151152.6
22,42.8,92.8,312389.81
33,1,1,53641.05
23,33,83,157846.34
65,70,156,136284.77
19,17,42,195320.08
48,69,165,36481.24
45,73,147,109053.24
39,1,1,124726.82
82,60,100,268596
26,1,1,170000
16,37,120.5,120449.12
22,38.2,117.6,294949.49
63,1,1,126021.54
31,1,1,58772.17
50,65,165,109793.68
30,66,168,73185.83
67,61,172,229845
25,1,1,196557.98
74,1,1,247936.19
44,69.5,167,95708.41
42,65,165,89393
22,50.416666,146.833333,137591.76
31,1,1,289516.4
15,57.5,132.5,40199.95
30,69,169,72083.75
37,59.5,154.5,55147.17
34,60,167.5,143950.3
19,52.25,98,260433.07
39,50,100,57663.04
67,55,144,233146.83
22,45.666666,127,53118.25
45,77,167,120272.68
33,65,165,81588.53
29,1,1,66795.75
40,60,132,403603.85
14,38,130.5,98742.06
63,57,159,138090.19
75,64.5,165,162014.51
21,39.125,128.75,240434.08
27,50.333333,141.333333,74038.62
40,70,156,74593.12
36,65,165,61764
27,1,1,109956.92
73,1,1,293815.33
15,43.8,102.6,50444
18,1,1,175965.15
18,48.6,137.6,65534.89
58,77,213,169755.69
76,50,100,266044.76
17,41.333333,140,168785.48
34,34.5,88,175098.54
46,50,100,109793.68
15,33.166666,115,259541
18,40.8,127.6,333879.49
43,1,1,139495.02
29,79,248,59639.75
30,69,166,83255.52
65,78,162,272387.5
62,1,1,126416.5
77,76,204,276856.7
20,65,165,97972.77
69,60,108,111708.38
68,74,152,233146.83
50,71.5,174,120272.68
33,1,1,214900.13
27,1,1,219188.05
76,75,157,162014.51
55,1,1,383043.71
24,36,125,57665.62
27,57,106.333333,183316.2
33,65,165,57359.4
17,33,88,124733.34
20,1,1,253501.38
66,83,150,137137.5
64,72,157,101345.24
63,1,1,136900.65
19,35.25,78.25,63847.5
28,54,165,55527.88
60,97,188,167805.69
58,64.5,110,50774.99
12,27.333333,103,162110.65
73,75,165,171544.78
15,35,124,162200.25
62,1,1,129690.65
56,52,153,64745.75
41,1,1,74593.12
26,57,176,60722.17
23,70,170,78473.83
38,65,165,107733.87
28,1,1,107166.92
69,1,1,316365.3
26,1,1,66795.75
25,62.666666,144.666666,208019.56
56,88,175,143494.77
12,30.5,81,34590
55,65,165,116376.75
40,73,177,29061.81
13,1,1,178448.3
71,56,165,233146.83
36,75,156,97302.4
44,65,165,162067.02
16,2.75,18,110811.22
30,64.333333,150,313948.33
60,51,134,143494.77
16,1,1,178722.83
19,1,1,387769.64
57,78,154,143494.77
40,76,158,90177.53
55,74,175,139370
19,1,1,164049.5
21,50.5,148.5,276978.68
25,63,167,66795.75
75,65,165,283614.63
27,1,1,145684
12,26.25,92,184422.4
16,1,1,113517.06
72,65,165,111708.38
30,1,1,107166.92
26,34.2,106.4,94490.59
30,1,1,209327.75
37,68,171,75451.53
63,1,1,228681
69,1,1,137137.5
59,65,165,228681
17,27.5,86.5,151622.05
22,39.125,128.75,255517.36
50,1,1,86481.24
22,45.7,167.4,336102.4
63,70.5,168.5,335611.38
29,1,1,107166.92
20,49,124,315692.68
16,1,1,87883.84
63,87,169,136900.65
18,32,98.5,200596.39
33,64.5,158,67308.4
34,1,1,61131.4
16,49,131.5,293183.96
81,1,1,190605.31
18,31.5,84.5,119357.5
27,58,180,66795.75
31,1,1,73185.83
27,65,165,73185.83
29,1,1,237309.2
64,65,160,167805.69
49,1,1,83615.41
31,68,169,66795.75
34,68,171,66297
25,1,1,107166.92
29,60.5,145.75,78026.54
65,61,151,224715
32,65,165,73501.53
27,1,1,107166.92
20,1,1,196969.98
63,80,178,152321.77
25,63.125,135.125,220620.3
24,1,1,315033.87
60,1,1,287384.5
30,67,169.5,227515.06
29,49,167,56000.01
48,88.5,81,94926.12
54,64,249,129690.65
38,1,1,192701.22
22,1,1,395405.47
27,1,1,66795.75
25,60.5,145,150216.62
55,52.5,238,228681
28,1,1,20098.17
21,56.9,129.6,91543.14
43,69.5,178,40545.58
32,65,175,74608.81
21,43.5,86.5,150216.62
17,30.75,119,217027.37
19,55,133,161000.02
26,62,123,54219.17
35,56.666666,161,324753.35
14,1,1,107263.08
25,28,53.666666,314740.9
26,77.5,116,176362
23,58,133.5,78026.54
21,1,1,63847.5
31,71,166,68632.83
22,22.666666,54.333333,100272.19
23,1,1,132265.05
30,65,159,66795.75
25,1,1,193031.25
28,90,163,66795.75
73,75.5,157.5,276856.7
55,88,175,143494.77
70,95,195,325854.33
20,46.333333,118.666666,168785.48
14,1,1,246739.16
23,62.7,225.2,230596
12,19.5,42.5,157660.24
15,1,1,212301.95
40,1,1,108458.49
13,34,95.5,71747.76
22,1,1,93929.81
19,1,1,106787.59
16,35.5,77,298084.33
61,65,165,207775.5
15,1,1,130086.64
41,73,168,57663.04
75,65,165,152484.25
32,1,1,73185.83
33,65,175,149480.76
26,1,1,95847.38
32,65,165,51000
28,62.333333,168.666666,220746.86
17,1,1,38736.34
69,68,170,323955
14,20.333333,71.666666,166627.56
21,1,1,148167.34
71,60.5,176,87768
66,65,165,375076.66
28,62,157,78473.83
23,1,1,126683.34
32,56.666666,5.666666,259152.38
31,1,1,305093.31
68,56,165,229845
64,1,1,335129.33
29,1,1,144758.2
13,39,116.5,56401.64
53,60,160,136900.65
9,83,165,93614.33
19,1,1,57428.4
36,60,160,26738
22,22.333333,55.666666,287580.18
26,44.5,130.25,126853.73
78,72,171,317132.7
29,47.5,150,258556.2
45,65,165,83710.8
28,3.8,1,371651
71,58.5,158,152484
50,50,100,109793.68
28,49.5,1,141974.62
21,46,140.75,112006.6
59,59,161,158978.69
25,50,182,52432.37
20,52.4,153.2,103522.48
83,75,176,316222.27
23,65,165,61510.35
18,49.125,112.5,228120.09
15,45.5,115,137002.48
68,74,155.5,384836.84
80,1,1,282823.8
22,46.333333,119.666666,203380.56
75,60.5,160,327742.81
30,1,1,101878.92
83,1,1,153675.53
74,69,168,123941.5
72,65,165,195368.25
44,65,162,115032.68
61,79,168,167805.69
31,1,1,291015.33
60,68,160,130892.62
17,1,1,83612.19
11,12.666666,39.5,132349.02
21,1,1,115141.63
25,55.5,128.5,76983.84
42,74.5,160.5,106503.52
38,1,1,73501.53
71,1,1,233146.83
21,36,135.5,132265.05
34,65,165,72301.7
63,72,172,143494.77
75,1,1,285508.48
18,40.5,115,64700
19,49,133.5,218106.5
39,1,1,21390.4
47,76,177,95708.41
44,65,168,113185.39
31,1,1,75829.83
20,1,1,195390.15
73,70.25,161,381210.62
18,49,141.25,57428.4
59,80,167,143494.77
28,1,1,78473.83
42,62,176,75151.16
41,1,1,33422.53
38,33,83,356692.04
20,50.5,148.5,221533.6
47,71.5,248,96876
26,62,174,66795.75
18,65,165,214676.4
55,65,248,228681
64,65,165,152321.77
16,35.5,84,129145.61
31,65,165,412149.52
64,65,165,172505.75
33,33,83,37769.29
38,1,1,105637.66
17,38.8,109.8,74576.75
46,25.666666,53.333333,377496.71
37,84.5,150,24064.2
18,37.75,116.75,80874.08
24,36.5,84.5,126235.5
33,29,60,149367.82
32,1,1,64214.7
67,72,100,137137.5
45,70,165,95708.41
45,70,172,97658.41
48,65,165,403834.33
18,1,1,246470
18,1,1,99274.83
22,48.666666,133,158638
39,64,160,74593.12
62,60,139,78494.69
13,2.5,25,110225
29,1,1,121129.8
49,85.5,167,89243.8
25,44.25,127.25,363497.17
48,60,160,47700.68
60,1,1,317957.38
21,38.666666,79,145856.4
28,47,140,58475.58
29,1,1,387806.05
30,71,169,74518.6
33,1,1,83182.12
51,65,165,95708.41
27,75,160,55688
14,1,1,74576.75
16,33,85.5,102838
24,55,138,245332.2
58,65,165,158978.69
38,1,1,26427.12
74,1,1,283614.63
64,1,1,163391.69
16,27.666666,84,223595.3
16,45.5,79,134019.2
29,1,1,66795.75
64,60,160,197247.19
20,1,1,65534.89
28,56,163.5,36751.88
15,29.5,77.75,201646.37
33,62,168,22463.05
39,1,1,92127.53
28,60,166,78473.83
15,39.666666,132,164633
19,39,121.333333,53118.25
20,1,1,138828.67
46,59,147,286425
20,62,136.5,88093.6
41,70,178,24135.7
42,1,1,321377.92
30,1,1,28008.83
81,65,165,111289.65
46,65,165,81760.8
61,1,1,143494.77
30,65,165,55688
80,76,175,190605.31
31,64,163,73185.83
49,100,190,115032.68
28,68,170,21618.75
30,1,1,75829.83
19,1,1,247775.64
38,76,156,103484
42,65,165,26892.33
66,69,185,125433
22,57,184,73185.83
36,1,1,72301.7
20,51,136,162952.23
25,1,1,111969.4
29,79.5,128.6,172540.07
43,1,1,109793.68
35,50,100,65971.5
53,1,1,167805.69
20,23.6,69.4,85662.44
32,75,170,33422.53
29,76,188,87703.44
73,1,1,270579.38
20,37.666666,113.333333,191058.56
29,54.416666,136.5,401689.76
15,31.5,102,48849.87
26,55,171,21006.62
27,76,182,66795.75
27,72,171,66795.75
37,39.5,125,422343.51
65,66.5,163.5,395868.04
28,57.5,132.5,143950.3
74,76,225,154926.87
61,65,165,305038.5
26,1,1,161006.76
16,1,1,148167.34
14,2.5,1,110225
25,64,162,63325.17
32,61.5,113.5,109642
36,63.5,175,42389
21,1,1,304361.27
18,1,1,245867.67
58,1,1,228681
30,75,195,107166.92
32,94,162,66795.75
38,65,165,54789.4
38,84,177,30080.28
29,28.5,79,111969.4
43,56,156,155823.3
39,1,1,85882.53
66,83.5,175,136900.65
19,39,113.5,221095.5
30,74,176,66795.75
29,75,159,58772.17
41,1,1,66479
62,60,160,84302.1
28,79,248,51455
14,35,114,110225
18,1,1,110225
73,1,1,293815.33
27,57.5,136.5,161649.58
40,65,165,61764
21,1,1,195390.15
35,65,115,285581.81
26,39.5,101.5,135808.7
23,39.125,128.75,255517.36
62,65,165,63010.77
28,1,1,54219.17
32,64.333333,150,283356.03
10,26,80,158686.41
75,1,1,283614.63
27,1,1,179908.25
20,31.5,99.25,126258
44,65,165,40545.58
12,28.375,108.25,67221.18
25,40,129,128177.19
34,65,162,74593.12
23,60,165,83021
41,50,100,246171.05
56,65,165,198958
16,45,94.5,104765
22,71,170,78473.83
30,10.5,1,235474.5
25,1,1,66795.75
39,55,136.666666,110653.32
24,64,172,66795.75
39,67,165,116137.82
32,1,1,81588.53
24,33.666666,116.333333,115548.84
76,70.5,174,114363
26,50.25,158.25,103627.47
28,54.833333,201,200184.87
31,54,156,141860.77
68,68,165,205438.72
41,1,1,246279.52
66,1,1,233146.83
17,1,1,126235.5
72,62,222,233146.83
38,61,155,124726.82
43,66,167,142638.52
17,26.6,66.6,74576.75
20,33.75,95.25,216714.85
62,1,1,113010.77
72,65,165,109710
39,1,1,132265.05
78,80.5,169,366915.22
30,76,170,66795.75
20,44,145.5,80874.08
26,50.5,121.25,283759.63
27,77,173,15425.94
17,14.8,36.8,65534.89
15,37,118.5,120449.12
27,61,162,66795.75
20,1,1,290382.75
28,48,162,170052.24
59,57.5,166,167805.69
26,60,168,42526.44
65,1,1,139355.02
16,3.5,26.666666,58846.16
29,39,77.5,166694.49
73,65,165,290448
74,1,1,293815.33
27,1,1,70582.83
80,60,160,121987.2
26,1,1,318905.86
18,41.5,141.5,167216.07
71,60,160,93253.5
20,48.8,150.2,94490.59
17,1,1,282196.59
34,67,172,77544.53
46,1,1,98574.24
48,71.5,248,120272.68
21,65,132.5,120543.59
38,65,165,66479
26,1,1,164381
40,72,166,90177.53
18,44.25,121.25,53207
24,5.666666,1,268213.54
43,1,1,360056.3
75,1,1,283614.63
20,1,1,35325
68,1,1,260561.25
15,35,78,31026.83
25,53.333333,130,165039.67
27,59.5,121.666666,304206.22
59,72,180,78494.69
37,63.75,155.5,49948.76
28,1,1,115141.63
75,70,158,293815.33
31,1,1,49505
53,77.5,158.5,174467.55
16,41.333333,55.333333,57417.28
49,72.666666,175.333333,179932.13
53,1,1,118303.05
27,1,1,66795.75
23,58.5,127,124733.34
47,69,155,120272.68
30,1,1,75829.83
23,59,157,124944
25,64,171,52432.37
25,1,1,118847.4
14,75,175,186987.45
39,46.125,145,181055.98
16,46.5,115,138828.67
28,1,1,115331.24
31,31.666666,133,248760.75
30,78,167,73185.83
58,80,180,169755.69
53,72,156,214744
40,70.75,152.5,142881.52
15,34.666666,115.333333,49156.96
29,42,136.2,70269.28
18,39.666666,131.833333,67855.54
83,65,165,184410.64
31,58,227.666666,277867.65
77,1,1,204926.87
33,1,1,274917.06
45,69,168,30401
31,65,165,161183.74
26,63.5,170.5,72388.78
78,56.5,247,129776.58
22,65,165,80874.08
32,68,171,105211.81
40,66,159,124726.82
34,50,165,74251.7
20,65,175,386581.93
63,1,1,158978.69
21,1,1,319592.68
13,30.833333,100,149360.48
65,65,165,129690.65
22,39.25,85.25,286316.63
21,40.833333,102.333333,122302.5
28,38.8,72.4,355975.62
23,58.666666,133.333333,293429.64
16,1,1,74576.75
64,75,170,232164.52
32,60,160,58772.17
60,62,161,158978.69
21,37.75,88.25,257478.08
19,51.5625,129.375,152028.66
39,92.75,184.5,120381.4
20,1,1,43237.5
69,68,169,211285.02
28,1,1,232463.68
11,38.666666,88.666666,56017.65
40,1,1,111132.46
46,1,1,162067.02
81,1,1,266044.76
16,44.333333,131.666666,177915.15
46,1,1,115032.68
20,80,168,66795.75
42,68,168,95708.41
63,81.5,188,98739
31,1,1,75829.83
67,1,1,233146.83
17,46.5,115,162200.25
68,70,174,224715
22,1,1,301372.27
30,68,169,66795.75
24,44.75,90.5,138489.34
20,1,1,178072.31
31,1,1,81588.53
26,56.833333,120.666666,58805.71
28,1,1,259152.38
27,33,78.5,166694.49
24,72,151,57638
32,75.5,164,19308.56
30,70.25,163,314523.21
58,64,145,120656.27
21,1,1,238122.08
17,1,1,121013
20,35.5,82.5,138489.34
49,1,1,115502.61
22,43.5,86.5,150216.62
38,65,165,124726.82
61,73,177.5,185797.6
34,1,1,77544.53
59,1,1,125433
59,65,165,158978.69
35,1,1,140879.76
65,1,1,158978.69
28,1,1,75829.83
41,70,169,22463.05
39,65,165,401461
41,1,1,321732.92
56,1,1,129202
64,1,1,136284.77
27,1,1,214676.4
24,36,135.5,132265.05
73,65,165,327975
64,84,172,143494.77
29,54,165,107166.92
38,66,152,90177.53
31,1,1,107166.92
27,56,161,121013
22,1,1,264244.13
29,1,1,66795.75
41,1,1,90177.53
38,1,1,278252.21
28,65,165,183181.45
70,1,1,212563.12
30,76,204,58772.17
33,1,1,235474.5
29,40,140.333333,145671.8
34,82,170,83182.12
22,65,165,114952.41
34,53,160,72301.7
31,28.5,77.5,72127.07
38,71.5,178,76543.12
21,59,95.8,336102.4
59,1,1,321896
54,67,168,167805.69
21,1,1,164889.65
50,50,100,109793.68
27,55,160,107166.92
61,65,165,273801.3
28,39,77.5,151865.79
16,54.875,151.75,217032.2
35,65,165,74593.12
29,65,177,51297
58,57.5,166,167805.69
26,65.1,113.8,304276.45
24,64.333333,126.666666,293429.64
14,41.375,95,184491.47
67,65,165,182294.77
39,1,1,35372.53
20,53.5,122.5,221216
58,65,165,219854
15,40.5,89,111835.57
22,1,1,179645.98
69,1,1,116566.88
76,83.5,103,138428.35
47,1,1,418419.16
23,65,165,236320.17
52,60,100,53559.15
18,44.7,121.6,181321.38
66,65,165,158978.69
18,1,1,224980.59
43,65,165,97700.68
41,64,224,72301.7
21,53.833333,140.333333,223595.3
53,71,163,288078.37
26,54,165,90850
33,1,1,81588.53
21,46.5,128.5,214682
36,53,160,68257.7
43,44,143,288745.34
19,1,1,127294.51
62,63.5,160,151368.77
28,53,165,58772.17
20,1,1,73185.83
35,1,1,66518
57,74,245.5,385060
24,50,100,323030.38
58,1,1,167805.69
24,1,1,121013
62,62,177,158978.69
25,1,1,177317.49
47,70.5,168.5,72962.48
59,62.25,148.5,109892.57
25,65,168,64079.83
74,65,165,293815.33
58,65,165,228681
24,1,1,58772.17
67,1,1,316365.3
38,1,1,74593.12
36,1,1,81588.53
24,73,163,95813.86
55,71,159,129202
64,71,103,136900.65
21,1,1,85898.77
72,65,165,216800.92
38,1,1,255642.27
15,43.25,108,183272.07
34,69,172,57663.04
42,58.333333,145,297611.39
17,55,136.5,110225
54,60,160,80444.69
28,1,1,90294.01
31,49,145,64079.83
81,65,165,276245.46
17,33,83,118438.13
13,31.25,123.25,67221.18
64,1,1,98739
21,68,175,38736.34
27,47.125,146,158083.82
63,1,1,156989.38
23,39.75,114,192737.07
54,1,1,52358.62
23,53,146.333333,148541.67
30,47.7,141.2,383687.43
34,43.25,129.5,219707.33
16,38,80.5,130086.64
28,61,172,71628.51
16,1,1,129190.26
29,25.5,77.5,166151.81
21,65,165,296284.38
46,65,165,109793.68
22,56,158.5,126235.5
84,65,165,379066.31
15,4,36,102167.24
43,62,162,151588.02
64,1,1,180762.37
50,73,178,98574.24
73,70,168,173035.44
76,77,165,288714.41
81,65,165,137235.6
